-- phpMyAdmin SQL Dump
-- version 4.7.0
-- https://www.phpmyadmin.net/
--
-- Host: 127.0.0.1
-- Generation Time: 14-Nov-2020 às 18:55
-- Versão do servidor: 5.7.17
-- PHP Version: 7.1.3

SET SQL_MODE = "NO_AUTO_VALUE_ON_ZERO";
SET AUTOCOMMIT = 0;
START TRANSACTION;
SET time_zone = "+00:00";


/*!40101 SET @OLD_CHARACTER_SET_CLIENT=@@CHARACTER_SET_CLIENT */;
/*!40101 SET @OLD_CHARACTER_SET_RESULTS=@@CHARACTER_SET_RESULTS */;
/*!40101 SET @OLD_COLLATION_CONNECTION=@@COLLATION_CONNECTION */;
/*!40101 SET NAMES utf8mb4 */;

--
-- Database: `bd_reo_tcc`
--
CREATE DATABASE IF NOT EXISTS `bd_reo_tcc` DEFAULT CHARACTER SET latin1 COLLATE latin1_swedish_ci;
USE `bd_reo_tcc`;

-- --------------------------------------------------------

--
-- Estrutura da tabela `administrador`
--

CREATE TABLE IF NOT EXISTS `administrador` (
  `ID_adm` int(1) NOT NULL AUTO_INCREMENT,
  `nome_adm` varchar(100) COLLATE utf8_unicode_ci NOT NULL,
  `email_adm` varchar(100) COLLATE utf8_unicode_ci NOT NULL,
  `senha_adm` varchar(10) COLLATE utf8_unicode_ci NOT NULL,
  PRIMARY KEY (`ID_adm`)
) ENGINE=InnoDB AUTO_INCREMENT=2 DEFAULT CHARSET=utf8 COLLATE=utf8_unicode_ci;

--
-- Extraindo dados da tabela `administrador`
--

INSERT INTO `administrador` (`ID_adm`, `nome_adm`, `email_adm`, `senha_adm`) VALUES
(1, 'ADM', 'ADM_reforc@gmail.com', 'ADM_REO');

-- --------------------------------------------------------

--
-- Estrutura da tabela `conteudos`
--

CREATE TABLE IF NOT EXISTS `conteudos` (
  `ID_cont` int(2) NOT NULL AUTO_INCREMENT,
  `texto` text COLLATE utf8_unicode_ci NOT NULL,
  `end_imagens_cont` varchar(250) COLLATE utf8_unicode_ci NOT NULL,
  `cod_mat` int(2) NOT NULL,
  `cod_adm` int(1) NOT NULL,
  `ano` int(1) NOT NULL,
  `assunto` varchar(70) COLLATE utf8_unicode_ci NOT NULL,
  PRIMARY KEY (`ID_cont`),
  KEY `fk_conteudos_administrador` (`cod_adm`),
  KEY `fk_conteudos_materias` (`cod_mat`)
) ENGINE=InnoDB AUTO_INCREMENT=52 DEFAULT CHARSET=utf8 COLLATE=utf8_unicode_ci;

--
-- Extraindo dados da tabela `conteudos`
--

INSERT INTO `conteudos` (`ID_cont`, `texto`, `end_imagens_cont`, `cod_mat`, `cod_adm`, `ano`, `assunto`) VALUES
(7, ' A circulação atmosférica é a movimentação das massas de ar. Essa movimentação acontece na Troposfera, que é a camada da atmosfera mais próxima da Terra. É um desequilíbrio em relação da radiação recebida por toda a Terra. As regiões que se localizam mais próximas da linha do Equador recebem mais radiação solar e são, portanto, mais aquecidas. Enquanto que nas regiões polares, a radiação é menor e o aquecimento também. Então, para haver um equilíbrio, ocorrem muitas trocas de massas de ar entre as regiões mais frias e as mais quentes.\r\n A movimentação das massas de ar é apenas possível graças às diferenças de pressão. O ar frio é mais pesado, e tende a descer e aumenta a pressão, enquanto o ar mais quente, tende a subir e diminuir a pressão da atmosfera. Essa decida do ar frio e a subida do ar quente, ocorrem simultaneamente e é possível perceber uma movimentação constante e circular dessas massas, que é responsável pela ocorrência dos ventos e pelas variações climáticas.\r\n O padrão da circulação da atmosfera se dá através de três células de movimentação, que são consequências diretas dos movimentos de rotação(movimento que a Terra realiza em torno de seu próprio eixo, o tempo que leva para completar o giro é de 24 horas) e de translação(é o movimento que a Terra realiza em torno do Sol, ela demora 365 dias, 4 horas e alguns minutos para completá-lo).\r\n Célula Tropical ou Célula de Hadley- Ela ocorre nas regiões de baixa latitude (mais próximas da Linha do Equador). É caracterizada pelo movimento em direção aos polos na porção superior da atmosfera.\r\n Célula de Ferrel ou Célula das latitudes médias- Como o nome indica, ela ocorre nas latitudes intermediárias (entre a Linha do Equador e os polos). Caracteriza-se pela direção do movimento em direção aos polos na porção inferior da atmosfera.\r\n Célula Polar- O ar proveniente das outras duas células, ao alcançar os polos, desce e forma uma forte pressão polar. Em seguida, a superfície desloca esse ar para zonas de menor pressão e para as zonas tropicais.', '', 4, 1, 1, 'Circulação atmosférica '),
(11, ' O planeta Terra realiza uma série de movimentos envolvendo a órbita em torno de si mesmo, ao redor do sol. Os principais movimentos da Terra, são a rotação e a translação.\r\n A rotação é o movimento que a Terra realiza em torno de si mesmo, circulando ao redor do seu eixo imaginário central durante um período aproximado de 24 horas, com uma velocidade de 1.666 km/h. A rotação ocorre no sentido anti-horário, ou seja, de oeste para leste, o que faz com que o movimento aparente do sol seja de leste (nascente) para oeste (poente). A principal consequência desse movimento é a sucessão dos dias e das noites.\r\n A translação é o movimento elíptico que a Terra executa ao redor do sol, com uma duração de 365 dias, 5 horas e 48 minutos em uma velocidade de 107.000 km/h. A principal consequência desse movimento é a origem das estações do ano, que ocorrem pelo fato de o eixo do planeta apresentar uma inclinação de 23º27\'(27 segundos), ocasionando a sucessão dos solstícios e dos equinócios.\r\n Além desses dois movimentos, existem também a precessão, a nutação e o deslocamento do periélio.\r\nA precessão – ou precessão dos equinócios – é o movimento giratório realizado pela projeção de eixo de rotação terrestre no sentido horário, com uma duração cíclica de 25.770 anos. A principal consequência é a antecipação dos equinócios e a mudança da posição aparente dos astros celestes no céu.\r\nA nutação é uma pequena variação periódica no eixo rotacional terrestre que ocorre a cada 18,6 anos em função da influência da gravidade da Lua sobre a Terra. Não há consequências relevantes.\r\nO deslocamento do periélio é a variação da órbita terrestre ao redor do sol. O periélio é o ponto da órbita em que o planeta encontra-se mais próximo ao corpo solar. Assim, essa diferença varia ao longo do tempo em função da influência da órbita de outros planetas, com uma repetição cíclica de 21 mil anos.\r\n Além desses cinco movimentos apresentados, a Terra realiza outros nove movimentos de menor importância que envolvem derivações desses ciclos e transformações ocorridas em conjunto com o universo.\r\n Um desses movimentos é a obliquidade da eclíptica, que é a variação entre o plano da órbita da Terra e o plano da Linha do Equador, ou seja, a variação do eixo de inclinação. Esse movimento possui um ciclo de 42 mil anos e faz com que o ângulo desse eixo varie entre 22º e 24º30\'(30 segundos).\r\n Há também a variação da excentricidade da órbita, em que o eixo de translação da Terra uma hora é mais circular, outra hora é mais elíptico, possuindo uma duração cíclica de 92 mil anos. Há indícios de que esse movimento seja o responsável pelas grandes glaciações da Terra.\r\n Já o movimento do centro de massa Terra-Lua indica a órbita que o centro de massa do sistema Terra-Lua realiza ao redor do sol. Da mesma forma, o movimento em torno do centro de massa do Sistema Solar é o movimento realizado pela Terra ao redor do centro de massa do sol e todos os planetas que circundam ao seu redor.\r\n Outro movimento interessante é o movimento das marés, em que há uma contração e uma descontração cíclicas do globo terrestre por influência da gravidade da Lua. A mais conhecida influência desse movimento é a variação das marés.\r\n A Terra também realiza alguns movimentos imprevisíveis, com pequenas variações em suas órbitas, fenômeno ocasionado pela influência dos demais planetas solares, notadamente Vênus e Júpiter. Esses movimentos são chamados de perturbações planetárias.\r\n Como o Sol também se desloca, observa-se que, concomitante ao movimento de translação, a Terra também realiza um movimento helicoidal em direção ao próprio sol.\r\n Da mesma forma ocorre em relação à Via Láctea, que apresenta um giro ao redor de seu centro com duração de 250 milhões de anos. A Terra, assim como todo o sistema solar, faz parte dessa movimentação, que é chamada de rotação junto com a galáxia. No entanto, como o universo continua expandindo-se, a galáxia também se movimenta, levando todos os seus corpos celestes consigo, o que faz com que seja considerado o movimento de translação junto com a galáxia.', '', 4, 1, 1, 'Os movimentos da Terra'),
(12, ' A Guerra Fria foi uma luta entre comunismo e capitalismo. A fim de disputar a liderança mundial, ela foi representada pela União Soviética e os Estados Unidos. \r\n Este conflito teve início após a Segunda Guerra Mundial (1939-1945) e ficou conhecido porque os dois países nunca se enfrentaram diretamente em seus territórios.\r\n\r\n Início da Guerra Fria\r\n\r\n Com o fim das negociações entre os vencedores da Segunda Guerra Mundial, a Europa ficou dividida em duas partes: a parte oriental e a parte ocidental. A parte oriental, ocupada pelos soviéticos, tornou-se uma área de influência da União Soviética.\r\n Os partidos comunistas locais, apoiados pela URSS, passaram a exercer o poder nesses países. Estabeleceram as chamadas democracias populares na Albânia, Romênia, Bulgária, Hungria, Polônia e Checoslováquia.\r\n Apenas a Iugoslávia estabeleceu um regime socialista independente da União Soviética.\r\n A parte ocidental, ocupada por tropas principalmente inglesas e norte-americanas, era influenciada pelos Estados Unidos. Nessa área consolidavam-se democracias liberais.\r\n As duas superpotências buscavam ampliar suas áreas de influência no mundo, intervindo direta ou indiretamente nos assuntos internos dos diferentes países.\r\n \r\n A Consolidação da Guerra Fria\r\n\r\n Em 1947, com a intenção de combater o comunismo e a influência d União Soviética, o presidente americano Harry Truman pronunciou um discurso no Congresso. Neste discurso, o presidente se posicionou a favor das nações livres que desejassem resistir às tentativas de dominação.\r\n No mesmo ano, o secretário de Estado americano, George Marshall, lançou o Plano Marshall, que propunha a ajuda econômica aos países da Europa Ocidental, pois estes cresciam devido ao desemprego e a crise generalizada e os Estados Unidos temiam perdê-los para a URSS.\r\n Como resposta, a União Soviética criou o Kominform, organismo proposto para conseguir a união dos principais partidos comunistas europeus. Isso para afastar da supremacia norte-americana os países sob sua influência, gerando o bloco da “cortina de ferro”.\r\n Foi criado também, em 1949, o Comecon, uma cópia do Plano Marshall para os países socialistas.\r\n\r\n OTAN e o Pacto de Varsóvia\r\n\r\n A Guerra Fria foi também responsável pela formação, em 1949, de dois novos blocos de alianças político-militares:\r\n A Organização do Tratado do Atlântico Norte (OTAN)- A OTAN era composta inicialmente por Estados Unidos, Canadá, Reino Unido, França, Bélgica, Países Baixos, Luxemburgo, Dinamarca, Noruega, Finlândia, Portugal e Itália, Alemanha Ocidental, Grécia e Turquia.\r\n O Pacto de Varsóvia-Em 1955, em represália, a União Soviética criou o Pacto de Varsóvia, para impedir o avanço capitalista na sua área de influência.\r\n O Pacto de Varsóvia desapareceu entre 1990 e 1991, em consequência do fim dos regimes socialista do Leste europeu. Como consequência, a OTAN perdeu o significado que lhe deu origem.\r\n\r\n O Muro de Berlim e a Crise dos Mísseis\r\n\r\n No início dos anos 60, dois fatores provocaram o aumento das tensões internacionais provocadas pela Guerra Fria: \r\n A construção do Muro de Berlim, em 1961-O muro dividiu a cidade de Berlim entre Berlim Ocidental e Berlim Oriental.\r\n O objetivo era impedir a saída de profissionais e trabalhadores qualificados que deixavam a socialista Alemanha Oriental em busca de melhores condições de vida na capitalista Alemanha Ocidental.\r\n A crise dos mísseis, em 1962-a crise dos mísseis teve origem na pretensão soviética de instalar bases e lançamento de mísseis em Cuba. Isto seria uma ameaça constante para os Estados Unidos.\r\n A reação americana foi um bloqueio naval sobre Cuba, o único país da América que havia adotado o regime socialista. O mundo conteve a respiração, pois nesse momento, as chances de uma terceira guerra mundial eram reais.\r\n\r\n Corrida Espacial\r\n\r\n Muito dinheiro, tempo e estudo foram investidos pela URSS e pelos EUA para saber quem dominaria também a órbita terrestre.\r\n Os soviéticos saíram na frente, em 1957, com os satélites Sputinik, mas os americanos os alcançaram e fizeram o primeiro homem caminhar em solo lunar, em 1969.\r\n A corrida espacial não incluía somente o objetivo de levar pessoas ao espaço. Também fazia parte do projeto desenvolver armas de longo alcance, como mísseis intercontinentais e escudos espaciais.\r\n\r\n O Fim da Guerra Fria\r\n\r\n A Guerra Fria chegou ao fim em novembro de 1989, com as negociações estabelecidas por Ronald Reagan e Mikahil Gorbachev, depois de um período de 42 anos determinando as relações internacionais.\r\n A queda do Muro de Berlim foi um marco que simbolizou a morte dos regimes socialistas no Leste europeu. Em outubro de 1990 as duas Alemanhas foram finalmente unificadas.\r\n Igualmente, a desintegração da União Soviética inaugurou um novo período na história mundial.\r\n', '', 4, 1, 2, 'Guerra Fria'),
(13, ' A globalização é o atual conjunto do sistema capitalista e sua consolidação no mundo. É a integração entre os locais do planeta pelos sistemas de comunicação e transporte.\r\n Há um século, a velocidade da comunicação entre diferentes partes do planeta já existia, porém ela era muito menos rápida e eficiente que a dos dias atuais, que, por sua vez, poderá ser considerada menos eficiente em comparação com as prováveis evoluções técnicas que ocorrerão nas próximas décadas. Podemos dizer, então, que o mundo se encontra cada dia mais globalizado, com o avanço realizado nos sistemas de comunicação e transporte, responsável pela consolidação da globalização atual, propiciou uma integração que aconteceu de tal forma que tornou comum a expressão “aldeia global”, que significa algo pequeno, onde todas as coisas estão próximas.\r\n O termo “globalização” só surgiu a partir de 1980, tendo uma maior difusão após a queda do Muro de Berlim e o fim da Guerra Fria. Mas para alguns atores, a globalização surgiu a partir da expansão marítimo-comercial europeia, no final do século XV e início do século XVI, momento no qual o sistema capitalista iniciou sua expansão pelo mundo.\r\n E foi apresentando evoluções, com o avanço das transformações tecnológicas causadas após as três revoluções industriais. Com destaque para a última delas, chamada de Revolução Técnico-Científica-Informacional, e que ainda ocorre, até hoje, com a internet e aparelhos eletrônicos, etc.\r\n\r\n Aspectos negativos e positivos\r\n\r\n Um aspecto negativo, seria a desigualdade que ela proporciona em que o poder e a renda encontram-se em maior parte concentrados nas mãos de uma minoria. Os principais centros de poder exercem um controle ou uma maior influência sobre as regiões economicamente menos favorecidas, obliterando, assim, suas matrizes tradicionais.\r\n Entre os aspectos positivos da globalização, é comum citar os avanços proporcionados pela evolução dos meios tecnológicos, bem como a maior difusão de conhecimento. Outros pontos considerados vantajosos da globalização é a maior difusão comercial e também de investimentos, entre diversos outros fatores.\r\n\r\n Efeitos da Globalização\r\n\r\n A expansão das empresas multinacionais, também chamadas de transnacionais ou empresas globais. Onde as empresas abrem filiais em outros países a fim de ampliar o mercado consumidor, de isenção de impostos, de evitar tarifas alfandegárias e de angariar um menor custo com mão de obra e matérias-primas.\r\n O processo de expansão dessas empresas globais e suas indústrias reverberou no avanço da industrialização e da urbanização em diversos países subdesenvolvidos e emergentes, incluindo o Brasil.\r\n O avanço da globalização culminou também na expansão e consolidação do sistema capitalista, além de permitir sua rápida transformação. Assim, com a maior integração mundial, o sistema liberal – ou neoliberal – ampliou-se consideravelmente na maior parte das políticas econômicas nacionais, difundindo-se a ideia de que o Estado deve apresentar uma mínima intervenção na economia.', '', 4, 1, 2, 'Globalização'),
(14, ' O século XIX foi marcado pelo desenvolvimento do conhecimento científico. A busca por novas tecnologias, provocada pela Revolução Industrial, fez com que os estudiosos se multiplicassem nas mais variadas áreas do conhecimento. Nessa época, várias academias e associações voltadas para o “progresso da ciência” reconheciam a figura dos cientistas e colocavam os mesmos como importantes agentes de transformação social.\r\n No ano de 1859, um estudioso chamado Charles Darwin transformou uma longa caminhada de viagens, em anotações e análises no livro “A origem das espécies”, da onde surgiu a teoria evolutiva. Negando as justificativas religiosas vigentes, Darwin apontou que a constituição dos seres vivos é fruto de um longo e ininterrupto processo de transformação e adaptação ao ambiente. \r\n Darwin disse que as espécies se transformavam a partir de uma seleção em que características mais adaptadas a um ambiente se tornavam predominantes. Com isso, os organismos que se adaptavam melhor a um meio poderiam sobreviver através da herença passada para os filhos. E os seres vivos que não se adaptavam acabavam sendo extintos. \r\n Foi possível perceber que as análises feitas por Darwin não só se restringiam ao campo das ciências biológicas. Pensadores sociais começaram a transferir os conceitos de evolução e adaptação para a compreensão das civilizações e demais práticas sociais. Então o chamado “darwinismo social” nasceu desenvolvendo a ideia de que algumas civilizações eram dotadas de valores que as colocavam em condição superior às demais.\r\n O conhecimento dessas teorias serviu como base de sustentação para que as grandes potências capitalistas promovessem o neocolonialismo no espaço afro-asiático. A ocupação desses lugares era colocada como uma oportunidade de tirar aquelas sociedades de seu estado “primitivo”. Por outro lado, observamos que o darwinismo social acabou inspirando os movimentos nacionalistas, que elaboravam toda uma justificativa capaz de conferir a superioridade de um povo ou nação.\r\n De fato, o darwinismo social criou métodos de compreensão da cultura impregnados de equívocos e preconceitos. Na verdade, ao falar de evolução, Darwin não trabalhava com uma teoria vinculada ao choque binário entre superioridade e inferioridade. Sendo uma experiência dinâmica, a evolução darwiniana acreditava que as características que determinavam a “superioridade” de uma espécie poderiam não ter serventia alguma em outros ambientes prováveis.', '', 4, 1, 3, 'Diversidade Cultural'),
(15, ' O século XIX foi marcado pelo desenvolvimento do conhecimento científico. A busca por novas tecnologias, provocada pela Revolução Industrial, fez com que os estudiosos se multiplicassem nas mais variadas áreas do conhecimento. Nessa época, várias academias e associações voltadas para o “progresso da ciência” reconheciam a figura dos cientistas e colocavam os mesmos como importantes agentes de transformação social.\r\n No ano de 1859, um estudioso chamado Charles Darwin transformou uma longa caminhada de viagens, em anotações e análises no livro “A origem das espécies”, da onde surgiu a teoria evolutiva. Negando as justificativas religiosas vigentes, Darwin apontou que a constituição dos seres vivos é fruto de um longo e ininterrupto processo de transformação e adaptação ao ambiente.\r\n Darwin disse que as espécies se transformavam a partir de uma seleção em que características mais adaptadas a um ambiente se tornavam predominantes. Com isso, os organismos que se adaptavam melhor a um meio poderiam sobreviver através da herença passada para os filhos. E os seres vivos que não se adaptavam acabavam sendo extintos. \r\n Foi possível perceber que as análises feitas por Darwin não só se restringiam ao campo das ciências biológicas. Pensadores sociais começaram a transferir os conceitos de evolução e adaptação para a compreensão das civilizações e demais práticas sociais. Então o chamado “darwinismo social” nasceu desenvolvendo a ideia de que algumas civilizações eram dotadas de valores que as colocavam em condição superior às demais.\r\n O conhecimento dessas teorias serviu como base de sustentação para que as grandes potências capitalistas promovessem o neocolonialismo no espaço afro-asiático. A ocupação desses lugares era colocada como uma oportunidade de tirar aquelas sociedades de seu estado “primitivo”. Por outro lado, observamos que o darwinismo social acabou inspirando os movimentos nacionalistas, que elaboravam toda uma justificativa capaz de conferir a superioridade de um povo ou nação.\r\n De fato, o darwinismo social criou métodos de compreensão da cultura impregnados de equívocos e preconceitos. Na verdade, ao falar de evolução, Darwin não trabalhava com uma teoria vinculada ao choque binário entre superioridade e inferioridade. Sendo uma experiência dinâmica, a evolução darwiniana acreditava que as características que determinavam a “superioridade” de uma espécie poderiam não ter serventia alguma em outros ambientes prováveis.\r\n', '', 4, 1, 3, 'Darwinismo Social'),
(16, 'A citologia é estudo das células, suas estruturas e metabolismos diferentes. \r\n\r\nTipos: \r\n\r\nProcariontes: Células primitivas típicas das bactérias, não possuem um envoltório nuclear o que leva o material genético (DNA) da célula a ficar solto no citoplasma (liquido no interior da célula onde ficam as organelas).\r\n\r\nEstrutura: \r\n   Membrana plasmática: Camada interna que protege a célula e tem uma seleção permeável na entrada de elementos;\r\n   Parede Celular: Camada externa que protege a célula e dá forma;\r\n   Flagelos: locomoção da célula;\r\n   Pili: fixação da célula em substratos;\r\n   Citoplasma: líquido do interior da célula onde ficam os ribossomos. Formado por água, proteínas, lipídios, minerais etc;\r\n   Ribossomos: grânulos arredondados que auxiliam na síntese de proteínas;\r\n   Nucleóide: material genético da célula (solto no citoplasma);\r\n\r\nEucariontes: Possuem envoltório nuclear individualizando o núcleo, além de uma diversidade de organelas. Como exemplos estão as células animais e as células vegetais.\r\n\r\nEstrutura: \r\n   Membrana plasmática: Camada interna que protege a célula e tem uma seleção permeável na entrada de elementos;\r\n   Parede Celular: Camada externa que protege a célula e dá forma (célula vegetal);\r\n   Mitocôndrias: Realiza a respiração celular produzindo energia utilizada nas funções celulares.\r\n   Cloroplastos: presente nas células vegetais, reponsável pela fotossíntese (obtenção de glicose – alimento da célula e vital para a \r\n   respiração celular).\r\n   Retículo Endoplasmático liso: produção de lipídios;\r\n   Retículo Endoplasmático rugoso: produção de proteínas;\r\n   Complexo de Golgi: armazena e transporta proteínas.\r\n   Lisossomos: responsáveis pela digestão intracelular.\r\n   Ribossomos: grânulos arredondados que auxiliam na síntese de proteínas;\r\n   Centríolos: participam na divisão celular;\r\n   Vacúolo: armazena água nas células vegetais;\r\n   Núcleo: onde se encontra material genético (cromossomos, DNA e genes). É separado do citoplasma pelo envoltório nuclear.', '', 5, 1, 1, 'Citologia'),
(17, ' Estuda o processo de formação do embrião a partir do zigoto, que originará um ser vivo. \r\n Na embriologia humana, as fases do desenvolvimento do indivíduo são:\r\n   Gametogênese: formação os gametas a partir das células germinativas, que se multiplicam através de mitoses. Depois crescem e passam pela \r\n   meiose, formando células-filhas com a metade dos cromossomos da célula-mãe.\r\n\r\n   Fecundação: os espermatozoides têm de alcançar o óvulo. Na fecundação ocorre a fusão dos núcleos dos gametas e formação do zigoto \r\n   (cariogamia).\r\n\r\n   Segmentação: após a formação do zigoto iniciam as clivagens (divisões celulares), onde primeiramente o zigoto é dividido em duas células \r\n   (blastômeros). Na fase da Mórula é formado um maciço celular (junção de muitas células juntas). No estágio de blastocisto (blástula), ele \r\n   se fixará na parede uterina para dar continuidade ao processo. Até esta fase (segmentação) as células embrionárias são chamadas de células- \r\n   tronco e podem originar todos os diferentes tipos de célula do corpo.\r\n\r\n   Gastrulação: Nessa fase aumenta o número de células e o volume do embrião. São formados os três folhetos germinativos ou folhetos \r\n   embrionários (ectoderma, mesoderma e endoderma), iniciando a diferenciação celular que originará os tecidos do corpo. Também surge o \r\n   intestino primitivo (arquêntero). Nesta fase o embrião é chamado de gástrula.\r\n   \r\n   Organogênese: Começa a formação dos órgãos. Começando pelos órgãos do sistema nervoso originados do ectoderma (camada mais externa), onde o \r\n   tubo neural é formado pelo processo de neurulação (embrião é chamado de nêurula). Tempo depois o embrião é chamado de feto.', '', 5, 1, 1, 'Embriologia'),
(18, ' O metabolismo energético são reações químicas que produzem a energia para a realização das funções vitais dos seres vivos. A glicose (C6H12O6) é o combustível energético das células. Quando ela é quebrada (catabolismo) libera a energia de suas ligações químicas e resíduos. E essa energia permite a realização das funções metabólicas da célula.\r\n O ATP (Adenosina Trifosfato) é um nucleotídeo que tem a adenina como base e a ribose com açúcar, formando a adenosina que se une a três fosfatos, forma-se a adenosina trifosfato. É a molécula responsável pela captação e armazenamento de energia. Ele armazena nas suas ligações de fosfatos a energia liberada na quebra da glicose. Quando a célula precisa de energia, as ligações entre os fosfatos são quebradas e a energia é liberada.\r\n Durante as reações há liberação de hidrogênio, que é transportado principalmente por duas substâncias importantes: NAD+ e FAD.\r\n\r\n Fotossíntese: Processo autotrófico realizado por seres que possuem clorofila para a síntese da glicose a partir de gás carbônico (CO2) e \r\nágua (H2O) na presença de luz. Ex: plantas, bactérias e cianobactérias. Em organismos eucariontes, a fotossíntese ocorre nos cloroplastos.\r\n	\r\n Fase clara (fotoquímica): Depende da luz solar; ocorre a fotólise da água (quebra); ocorre dentro do cloroplasto em uma estrutura chamada \r\nde tilacóides; participação da molécula de NADPH, responsável pelo transporte do oxigênio; ocorre a liberação de 02 e a formação de ATP.\r\n	\r\n Fase escura (química): Não necessita diretamente de luz; ocorre no estroma dos cloroplastos; produção de carboidratos a partir de CO2;\r\n\r\n Respiração celular: Processo de quebra da glicose e liberação da energia nela armazenada. Pode ser:\r\n\r\n Respiração aeróbica: na presença de oxigênio;\r\n Ocorre através de três fases: \r\n\r\n   Glicólise: processo que ocorre no citoplasma das células onde a molécula de glicose (C6H12O6) é quebrada em duas moléculas de ácido \r\npirúvico ou piruvato (C3H4O3), liberando energia.\r\n\r\n   Ciclo de Krebs: são várias reações que ocorrem na matriz mitocondrial com a função de degradar os produtos finais do metabolismo dos \r\ncarboidratos, lipídios e aminoácidos. Essas substâncias são convertidas em acetil-CoA, com a liberação de CO2 e H2O e síntese de ATP. \r\n\r\n   Fosforilação Oxidativa ou Cadeia Respiratória: é responsável pela maior parte da produção de energia.\r\n\r\n Durante a glicólise e ciclo de Krebs parte da energia produzida na degradação de compostos foi armazenada em moléculas intermediárias, como o NAD+ e o FAD. Elas liberam os elétrons energizados e os íons H+ que irão passar por várias proteínas transportadoras na cadeia respiratória. Assim, os elétrons perdem sua energia que passa a ser armazenada nas moléculas de ATP. O saldo energético é 38 ATPs.\r\n\r\n Balanço energético da Respiração Aeróbia:\r\n\r\n   Glicólise: \r\n   4 ATP + 2 NADH – 2 ATP → 2 ATP + 2 NADH\r\n   \r\n   Ciclo de Krebs: Como existem duas moléculas de piruvato, a equação deve ser multiplicada por 2.\r\n   2 x (4 NADH + 1 FADH2 + 1 ATP) → 8 NADH + 2 FADH2 + 2 ATP\r\n   \r\n   Fosforilação Oxidativa:\r\n   2 NADH da glicólise → 6 ATP\r\n   8 NADH do ciclo de Krebs → 24 ATP\r\n   2 FADH2 do ciclo de Krebs → 4 ATP\r\n   Total de 38 ATP\'s produzidos durante a respiração aeróbia\r\n\r\n Respiração anaeróbica: na ausência de oxigênio.		\r\n\r\n   Fermentação: A fermentação consiste na primeira etapa da respiração celular (glicólise). Ocorre no hialoplasma, quando não há disponibilidade de oxigênio. Ela pode ser:\r\n   \r\n   Alcoólica: As duas moléculas de piruvatos produzidas são convertidas em álcool etílico, com a liberação de duas moléculas de CO2 e a \r\nformação de duas moléculas de ATP. É usado para produção de bebidas alcoólicas.\r\n\r\n   Lática: Cada molécula de piruvato é convertida em ácido lático, com formação de duas moléculas de ATP. Ocorre nas células musculares quando há um esforço excessivo.', '', 5, 1, 2, 'Metabolismo energético'),
(19, ' Estrutura: Os vírus são formados por ácidos nucleicos, RNA (ácido ribonucleico) ou DNA (ácido desoxirribonucleico), envolvidos por uma capa proteica chamada de capsídeo. Além desses componentes, alguns vírus ainda podem ser revestidos por uma película de gordura e proteína.\r\n\r\n Ácidos nucleicos (RNA e DNA): são as informações genéticas do vírus que serão utilizadas na síntese de proteínas na célula invadida;\r\n\r\n Capsídeo: envolve e protege o ácido nucleico viral. Além disso, possui regiões que permitem a passagem do ácido nucleico para o citoplasma da célula hospedeira;\r\n\r\n Envelope de glicoproteínas: revestimento formado por lipídios e proteínas ao redor do capsídeo, que são utilizadas para invadir a membrana celular e se ligar a ela, facilitando a fixação do vírus.\r\n\r\n Características: São acelulares (não possuem células); mede entre 17 nm até 300 nm; são diversificados e não possuem um padrão; podem sofrer mutações; fora de um hospedeiro cristalizam-se como os minerais; não possuem metabolismo próprio e, por isso, a reprodução ocorre em uma célula viva (parasita intracelular obrigatório).\r\n\r\n Tipos de Vírus: são classificados de acordo com o tipo de ácido nucleico, forma do capsídeo e pelos organismos que eles são capazes de infectar. \r\n   \r\n   Adenovírus: formados por DNA, ex: pneumonia.\r\n\r\n   Retrovírus: formados por RNA, ex: HIV.\r\n   \r\n   Arbovírus: transmitidos por insetos, ex: dengue.\r\n  \r\n   Bacteriófagos: vírus que infectam bactérias.\r\n\r\n   Micófagos: vírus que infectam fungos.\r\n\r\n Alguns vírus tem a enzima Transcriptase reversa que faz com que o processo de Transcrição reversa seja realizado (formação de DNA a partir do RNA viral). Esse processo de se formar DNA a partir de RNA viral é denominado retrotranscrição, o que deu o nome retrovírus aos vírus que realizam esse processo. Os outros vírus que possuem DNA fazem o processo de transcrição (passagem da linguagem de DNA para RNA) e só depois a tradução. Estes últimos vírus são designados de adenovírus.\r\n Algo interessante é que eles podem utilizar agentes transmissores em uma infecção. Exemplo: uma planta pode ser infectada através de insetos.\r\n\r\n Ciclo Reprodutivo: Geralmente os vírus rompem a parede celular, entram, se reproduzem e infectam novas células. Existem os que não precisam entrar em uma célula para se reproduzirem, eles injetam seu material genético na célula. O material genético viral em uma célula é traduzido e replicado junto com a reprodução da célula. Geralmente, utilizam os ribossomos das células hospedeiras para traduzir o RNA mensageiro viral e, assim, produzirem proteínas virais na célula. O ciclo reprodutivo pode ser dividido em 4 etapas:\r\n  \r\n   - Entrada na célula;\r\n\r\n   - Eclipse (inatividade do vírus);\r\n\r\n   - Multiplicação do material viral;\r\n\r\n   - Liberação dos novos vírus.\r\n\r\n Ou seja, ocorre a duplicação do material genético viral e a síntese das proteínas na medida em que ele inibe o funcionamento normal da célula.\r\n\r\n   Ciclo lítico: o vírus adota um comportamento destruidor, pois ao final do ciclo destrói a célula hospedeira.\r\n \r\n   Ciclo lisogênico: quando material genético viral se incorpora ao DNA da célula, sendo transmitido às células-filhas.\r\n', '', 5, 1, 2, 'Vírus'),
(20, 'Características:\r\n   \r\n   Células eucariontes: possuem envoltório nuclear;\r\n   \r\n   Seres autotróficos: produzem o seu próprio alimento;\r\n   \r\n   Fotossintetizantes: obtêm alimento e energia pela luz solar (fotossíntese).\r\n\r\nHistologia vegetal: Os tecidos vegetais são divididos em:\r\n\r\n   Meristemáticos: responsáveis pelo crescimento do vegetal e formação dos tecidos permanentes.\r\n   \r\n   Permanentes: são diferenciados e classificam-se conforme a função que desempenham.\r\n\r\nPartes da Planta: \r\n\r\n   Raiz: Absorção e condução de substâncias. \r\n \r\n   Folhas: Responsável pela fotossíntese, respiração e transpiração.\r\n\r\n   Caule: Sustentação e transporte de substâncias.\r\n\r\n   Flores: Responsáveis pela reprodução.\r\n\r\n   Frutos: Dispersão de sementes, garantindo a sobrevivência da espécie.\r\n\r\n Briófitas: plantas de pequeno porte, ficam em ambientes úmidos e são predominantemente terrestres. Exemplos: musgos e hepáticas. Não apresentam tecido condutor (avasculares), onde o transporte das substâncias ocorre de forma lenta, célula a célula (difusão). A reprodução pode ser de forma assexuada ou sexuada. A maioria das espécies possuem plantas femininas e masculinas (dioicas). As demais são hermafroditas (monoicas). A reprodução sexuada depende da água que transporta os anterozoides masculinos até a planta feminina.\r\n \r\n Pteridófitas: possuem vasos condutores e sem sementes. Exemplos: samambaias, avencas e cavalinhas. A reprodução pode ser de forma assexuada ou sexuada. Na reprodução assexuada ocorre o brotamento e na sexuada a plante depende da água para o encontro dos gametas masculinos e femininos.\r\n\r\n Gimnospermas: apresentam sementes, porém não produzem frutos. Apresentam sementes \"nuas” (não envolvidas por fruto). Um exemplo é a araucária (pinheiro-do-paraná). A estrutura reprodutiva é o estróbilo (masculino ou feminino). Os femininos são conhecidos como pinha.\r\n\r\n Angiospermas: é o grupo mais complexo, numeroso e diversificado da natureza. As únicas que apresentam sementes, flores e frutos. A flor é a estrutura reprodutiva, o fruto é o resultado do desenvolvimento do ovário da flor, após a fecundação. Ele protege a semente que gerará uma nova planta. A reprodução das angiospermas depende da polinização, que é a transferência do grão de pólen da parte masculina da flor para a parte feminina.', 'briofita1.png', 5, 1, 3, 'Reino Plantae'),
(21, ' Lamarckismo: Publicado em 1809 pelo francês Jean-Baptiste de Lamarck (1744-1829), o livro \"Filosofia Zoológica\" foi muito importante para o desenvolvimento das ideias evolucionistas, contendo suas conclusões. Ele propunha a “Lei do uso e desuso” que consistia no desenvolvimento ou atrofiamento de partes do corpo, de acordo com seu uso ou desuso. Essas características seriam passadas ao longo das gerações, o que ele explicou na “Lei da transmissão dos caracteres adquiridos”.\r\n\r\n Darwinismo: A teoria da evolução das espécies tem como articulador o britânico Charles Darwin (1809-1882) sendo o conjunto de suas teorias evolutivas nomeada de \"Darwinismo\". Ele afirmou que todos os seres vivos, descendem de ancestrais comuns, que se modificam ao longo do tempo. Assim, as espécies existentes foram evoluindo de espécies mais simples que viveram antigamente. A seleção natural foi o princípio da teoria, dizendo que somente as espécies ao ambiente são capazes de sobreviver e reproduzir.\r\n\r\n Principais ideias de Darwin:\r\n   \r\n   - Indivíduos da mesma espécie apresentam diferenças entre si, causado pelas variações entre as suas características;\r\n   \r\n   - Indivíduos com características vantajosas às condições do ambiente possuem mais chances de sobreviver e reproduzir.\r\n\r\n Alfred Russel Wallace (1823-1913) desenvolveu uma teoria semelhante a de Darwin sobre a evolução das espécies, onde Wallace enviou a Darwin os seus manuscritos e em 1858 a teoria da evolução foi publicada no nome dos dois. Porém, Charles Darwin, acabou por receber o mérito e prestígio de criador da teoria por ser mais conhecido.\r\n \r\n Neodarwinismo (Teoria Sintética da Evolução): Surgiu no século XX e caracteriza-se pela união dos estudos de Darwin com as descobertas na área da genética. Essa teoria aceita pela ciência para explicar a evolução das espécies.', '', 5, 1, 3, 'Evolução'),
(22, ' Este é o período do passado da humanidade estudado por arqueólogos, paleontólogos, geólogos e biólogos, vai do aparecimento do homem à invenção da escrita e durou milhões de anos. As pesquisas baseiam-se em vestígios que sobreviveram no tempo, como fósseis, pinturas rupestres, utensílios de uso diário, restos de fogueira que são encontrados em cavernas ou soterrados por diversas camadas de solo.\r\n\r\n Fases:  Idade da Pedra - entre o aparecimento dos primeiros hominídeos e mais ou menos 10000 a.C. Esta fase é dividida em:\r\n\r\n   Período Paleolítico ou Idade da Pedra Lascada - período mais extenso da Pré-História, entre seu surgimento até 8000 a.C. Os homens viviam em bandos em uma vida nômade e obtinham alimentos através da caça, pesca e coleta de frutos, raízes e ovos. Os hominídeos a se abrigar em cavernas, construíam habitações com galhos de árvores e a compartilhavam o uso dos rios, das florestas e dos lagos. Os instrumentos utilizados, eram ossos e madeiras, lascas de pedra e marfim para fabricar machados, facas e instrumentos pontiagudos. Neste período houve o domínio do fogo o que possibilitou o aquecimento, cozimento, iluminação e proteção. Também houve a invenção do arco e da flecha e criou a arte da pintura. Em torno de 18000 a.C. a Terra passou por transformações climáticas e geológicas que mudaram a vida animal e vegetal do planeta, alterando a relação entre homem e natureza.\r\n \r\n   Período Neolítico ou Idade da Pedra Polida – (de 8000 a.C. até 5000 a.C.). As dificuldades aumentam por conta de novas mudanças climáticas, o que levou ao desenvolvimento da agricultura. Passaram a domesticar animais, criar gado e surgiram os aglomerados populacionais, com finalidade defensiva. Melhoraram seus objetos tornaram-se mais bem acabados. Desenvolveram grandes potes de cerâmica para guardar o excedente da produção agrícola, técnicas de fiação e tecelagem para a confecção de tecidos de lã e linho, substituindo trajes de pele de animais. Começaram as viagens por terra e por mar e foi surgindo a comunidade primitiva, baseada nos laços de sangue, idioma e costumes. Por fim caracterizou-se pela desintegração do sistema de comunidade primitiva e pela origem das sociedades organizadas em Estados e divididas em camadas sociais.\r\n \r\n   Idade dos Metais – (5000 a.C. até o surgimento da escrita, por volta de 3500 a.C.). As técnicas de fundição de metais levaram ao abandono dos instrumentos de pedra. Os primeiros metais foram cobre e estanho, onde, da fusão deles, surgiu o bronze, mais resistente, para fabricar espadas e lanças. A metalúrgica do ferro tem início por volta de 1500 a.C., na Ásia Menor.\r\n', '', 3, 1, 1, 'Pré-história'),
(23, 'Política: Procuraram cultivar a beleza e a virtude com música, pintura, arquitetura, escultura. Eles acreditavam que os cidadãos seriam capazes de contribuir para o bem-comum (democracia). A democracia desenvolveu-se principalmente em Atenas, onde os homens livres tinham oportunidade de discutir questões políticas em praça pública.\r\n\r\nSociedade: Cada cidade (polis) tinha sua própria organização social e algumas, como Atenas, admitiam a escravidão, por dívida ou guerras. Já Esparta tinha os servos estatais, que pertenciam ao governo espartano. Ambas possuíam uma oligarquia rural. Só era cidadão quem nascia na cidade e por isso, os estrangeiros (metecos) não podiam participar das decisões políticas da polis.\r\n\r\nEconomia: Se baseava em produtos artesanais, agricultura e comércio, faziam produtos em coro, metal e tecidos. Essas tarefas eram muito trabalhosas e demoradas. Os cultivos estavam dedicados às vinhas, oliveiras e trigo, juntamente com a criação de animais pequenos. O comércio ocorria entre as cidades gregas, nas margens do Mediterrâneo e para realizar as trocas comerciais se usava a moeda \"dracma\". Havia tanto o pequeno comércio do agricultor quanto o grande comerciante marítimo.\r\n\r\nReligião: Receberam influências de vários povos gerando uma religião politeísta com o panteão de deuses, ninfas, semideuses e heróis. As histórias dos deuses serviam de ensinamento moral à sociedade, e também para justificar atos de guerra e de paz e eles agiam no cotidiano, sendo cada um para uma função. Em caso de dúvida em relação as atitudes, poderiam consultar o oráculo de Delfos.\r\n\r\nCultura: A cultura está ligada à religião, pois a literatura, a música e o teatro contavam os feitos dos heróis e dos deuses do Olimpo. As peças teatrais eram muito populares, encenando as tragédias e comédias. A música era importante para banquetes civis e atos religiosos utilizando flauta, tambores e harpas. Para celebrar a aliança entre as polis, organizavam-se competições esportivas nos tempos de paz.\r\n\r\nPeríodos: \r\n\r\n   Pré-Homérico (séculos XX - XII a.C.): A Grécia antiga se formou da miscigenação dos povos Indo-Europeus, que migraram para a região situada no sul da península Balcânica, entre os mares Jônico, Mediterrâneo e Egeu. Tiveram contato com os cretenses, adotaram a escrita, se desenvolveram, construíram palácios e cidades fortificadas. Organizaram-se em vários reinos liderados pela cidade de Micenas e, depois de acabarem com os cretenses, dominaram várias ilhas do Mar Egeu e destruíram Troia. No século XII a.C. a civilização micênica foi destruída pelos dórios, que impuseram domínio sobre toda a região, destruindo cidades e dispersando a população, formando várias colônias (1ª diáspora grega).\r\n\r\n   Período Homérico (séculos XII - VIII a.C.): As invasões dóricas retrocederam as relações sociais e comerciais e surgiram o genos (comunidade formada por numerosas famílias, descendentes de um mesmo ancestral), onde os bens eram comuns a todos e o trabalho era coletivo. Tudo era dividido entre eles segundo as ordens do Pater (chefe familiar), que exercia funções religiosas, administrativas e jurídicas. A população aumenta e desequilibra levando ao fim do genos, e consequentemente a colonização do Mediterrâneo (2ª diáspora grega).\r\n\r\n   Período Arcaico (séculos VIII - VI a.C.): Os aristocratas resolvem se unir criando as frátrias (irmandades formadas por indivíduos de vários genos), formando tribos que construíram, em terrenos elevados, cidades fortificadas (acrópoles). Iniciando as cidades – Estados (pólis). Esparta era uma cidade aristocrática, fechada às influências estrangeiras e uma cidade agrária. Valorizavam a autoridade, a ordem e a disciplina, tornando-se um estado militarista, com pouca realização intelectual. Já Atenas dominou durante muito tempo o comércio e conheceu várias formas de governo: monarquia, oligarquia, tirania e democracia. Atenas simbolizou o esplendor cultural da Grécia Antiga.\r\n\r\n   Período Clássico (séculos V - IV a.C.): Iniciou-se com as Guerras Médicas, entre os gregos e os persas, que ameaçavam o comércio e a segurança das pólis. Depois, Atenas tornou-se líder da Confederação de Delos, uma organização de várias cidades-Estados que contribuíam com navios e dinheiro para manter a resistência naval contra uma possível invasão estrangeira. O período da supremacia ateniense coincidiu com a prosperidade econômica e cultural de Atenas, onde a filosofia e as artes atingiram sua grandeza. Esparta compôs com outras cidades-Estados a Liga do Peloponeso e declarou guerra a Atenas em 431 a.C., onde depois de 27 anos, Atenas foi derrotada. Anos depois, Esparta perdeu a hegemonia para Tebas e a Grécia foi conquistada pelos exércitos da Macedônia e foi incorporada ao Império Macedônico. Esta época ficou conhecida como período helenístico. A Grécia foi governada pelo imperador Felipe II e em seguida por seu filho Alexandre Magno, que conquistou um grande império. A fusão da cultura grega com a oriental recebeu o nome de Cultura Helenística.', '', 3, 1, 1, 'Grécia'),
(24, ' A Revolução Industrial teve início no século XVIII e foi o processo que levou à substituição das ferramentas, da energia humana e do modo artesanal por máquinas, motores, sistema mecanizados e produção em larga escala, levando a uma concentração urbana. \r\n\r\nCausas: A expansão do comércio internacional (séculos XVI e XVII) trouxe um aumento da riqueza para a burguesia o que permitiu a acumulação de capital para financiar o progresso técnico e a instalações nas indústrias. Isso levou a uma maior produtividade e a um aumento dos lucros.\r\n\r\nConsequências: Gerou um distanciamento dos países entre si, em relação ao poder econômico e político. Isso porque nem todos se industrializaram ao mesmo tempo, ficando como fornecedores de matérias primas e produtos agrícolas para os países industrializados. Isso é refletido hoje em dia na divisão entre países desenvolvidos e em desenvolvimento, já que uma forma de medir isso é avaliar o quanto o país é industrializado.\r\n\r\nFases: Começou na Inglaterra o que levou a Revolução Industrial Inglesa a ser pioneira. Fato explicado já que a Inglaterra, possuía capital, estabilidade política e equipamentos necessários para tomar a frente no avanço Industrial. Desde o fim da Idade Média, parte da população ia às cidades devido aos cercamentos (enclousers) do campo, onde os camponeses acabavam entrando nas fábricas que surgiam. A Inglaterra possuia colônias na África e na Ásia, garantindo matéria-prima com mão de obra barata.\r\n\r\nPrimeira Revolução Industrial: Ocorreu em meados do século XVIII e do século XIX. Na estrutura socioeconômica, fez-se a separação definitiva entre o capital (representado pelos donos dos meios de produção) e o trabalho (representado pelos assalariados). Assim, nascem as primeiras fábricas cheias de operários, estes que tinham baixa remuneração, condições insalubres de trabalho e jornadas longas, e com isso fizeram organizações trabalhistas e sindicatos reivindicando mais direitos. A mecanização se estendeu por vários setores, principalmente o setor têxtil com a produção de algodão. Nessa fase, o Estado passou a participar cada vez mais da economia, regulando crises econômicas e o mercado e criando uma infraestrutura em setores que exigiam muitos investimentos. A principal característica desta fase é a máquina a vapor.\r\n\r\nSegunda Revolução Industrial: No final do século XIX, período da livre concorrência acaba e o capitalismo se tornava cada vez menos competitivo e mais monopolista (capitalismo financeiro). Nesta época, o Império Alemão surge como a grande potência industrial. Com a abundância do minério de ferro e uma cultura militar, os alemães, guiados pela Prússia, fazem reformas políticas e econômicas unificam e geram uma indústria poderosa no país. Assim se estabeleciam as bases do progresso tecnológico e científico, visando a invenção e o constante aperfeiçoamento dos produtos e técnicas, para melhor desempenho industrial. O emprego do aço, a utilização da energia elétrica e dos combustíveis derivados do petróleo, a invenção do motor a explosão, da locomotiva a vapor e o desenvolvimento de produtos químicos foram as principais inovações desse período. Formaram-se as bases do mundo contemporâneo com as condições para o imperialismo colonialista e a luta de classes.\r\n\r\nTerceira Revolução Industrial: Teve início em meados do século XX com o desenvolvimento da eletrônica, permitindo o desenvolvimento da informática e a automação das indústrias. Assim, cada vez mais, foi-se trocando a mão de obra humana por máquinas, onde o humano trabalhava como supervisor ou em apenas algumas etapas da produção. O computador, o fax, a engenharia genética, o celular seriam algumas das inovações dessa época.\r\n\r\nRevolução Industrial no Brasil: Na época da primeira Revolução Industrial, o Brasil era uma colônia portuguesa longe da industrialização. Tempos depois, houveram algumas iniciativas em instalar indústrias no Brasil, como fábricas têxteis, principalmente em São Paulo e no Rio de Janeiro (século XX). A industrialização no Brasil, contudo, só começou verdadeiramente em 1930, cem anos após a Revolução Industrial Inglesa, durante o governo Vargas, a centralização do poder no Estado Novo criou condições para que se iniciasse o trabalho de coordenação e planejamento econômico.  A Segunda Guerra Mundial (1939-1945) desacelerou a industrialização no Brasil, já que interrompeu as importações. Mesmo assim, o Brasil através de acordos com os Estados Unidos, consegue fundar a Companhia Siderúrgica Nacional (1941) e a Usiminas (1942). Após a guerra, o Estado retorna suas atividades de investidor e impulsiona a criação de indústrias como a Petrobras (1953).', '', 3, 1, 2, 'Revolução Industrial');
INSERT INTO `conteudos` (`ID_cont`, `texto`, `end_imagens_cont`, `cod_mat`, `cod_adm`, `ano`, `assunto`) VALUES
(25, ' Esta guerra começou na Europa e envolveu os territórios coloniais. Dois blocos enfrentaram-se: a Tríplice Aliança, formada pela Alemanha, Áustria e Itália, e a Tríplice Entente formada pela França, Inglaterra e Rússia. A contenda envolveu 17 países: Alemanha, Brasil, Áustria-Hungria, Estados Unidos, França, Império Britânico, Império Turco-Otomano, Itália, Japão, Luxemburgo, Países Baixos, Portugal, Reino da Romênia, Reino da Sérvia, Rússia, Austrália e China.\r\n\r\nCausas: O crescimento industrial possibilitou a produção de armas em grande quantidade (Corrida Armamentista). O expansionismo Alemão e seu título de maior potência industrial da Europa geraram uma desconfiança entre a Alemanha e França, Inglaterra e Rússia, isso somado as rivalidades entre França e Alemanha, Rússia e Alemanha, e Reino Unido e Alemanha como por exemplo o antigermanismo francês (causado pela Guerra Franco-Prussiana e o posterior derrota francesa), antigermanismo inglês (explicado pela concorrência industrial) e a rivalidade russo-germânica. O estopim foi o assassinato do futuro imperador austríaco.\r\n\r\nFases: A Tríplice Entente não tinha canhão de longo alcance, mas dominava os mares, graças ao poderio inglês. Os tanques de guerra, encouraçados, submarinos, a aviação e vários outros artefatos bélicos constituíram um grande poder de destruição.\r\n\r\n   Guerra de movimento (1914-1915): Os alemães passaram pela Bélgica, venceram os franceses na fronteira e foram para Paris com armamento pesado. O governo francês transferiu-se para Bordeaux e na Batalha de Marne, conteve os alemães, que recuaram.\r\n\r\n   Guerra das Trincheiras (1915-1918): Nesta fase, franceses e alemães firmaram posições cavando trincheira ao longo de toda a frente ocidental. Os exércitos eram protegidos por arame farpado, e nas trincheiras houveram muitas mortes causadas pela lama, frio, ratos e tifo. \r\n \r\n Em 1917, os EUA - que antes emprestava capitais e vendia armas aos países da Entente como a Inglaterra - entra no conflito. Declarou guerra à Alemanha, por medo do seu poder imperialista e industrial. Nesse ano a Rússia, saiu do conflito, por conta da Revolução de 1917, que derrubou o czar e implantou o regime socialista.\r\n\r\nConsequências: Mesmo sofrendo derrotas e perdendo aliados, o governo alemão continuava na guerra. Devido a fome e ao cansaço, os soldados e operários alemães obrigaram o imperados a abdicar. Formou-se um governo provisório e foi proclamada a República de Weimar. No dia 11/11/1918, o novo governo assinou a rendição alemã. Entretanto a paz geral só foi firmada em 1919, com a assinatura do Tratado de Versalhes. Sendo assim, em 1939, provocaram a Segunda Guerra Mundial. A Grande Guerra deixou profundas consequências para todo o mundo, como: reestruturação do mapa político da Europa e do Oriente Médio; queda do capitalismo liberal; criação da Liga das Nações; ascensão econômica e política dos Estados Unidos.\r\n\r\nBrasil na Primeira Guerra Mundial: Em 1917, os alemães afundaram dois navios brasileiro, o que leva o Brasil a romper relações com os agressores. No final de 1917, desembarca na Europa uma equipe médica e soldados para auxiliar a Entente.', '', 3, 1, 2, '1° Guerra Mundial'),
(26, ' A Segunda Guerra Mundial ocorreu entre 1939 e 1945, 72 países foram envolvidos, entre os quais estão Grã-Bretanha, Estados Unidos e União Soviética, combatendo a Alemanha, Itália e Japão.\r\n\r\nCausas: Entre os fatores está o descontentamento Alemão com a Primeira Guerra (1914-1918), onde a Alemanha foi a única culpada, teve suas Forças Armadas reduzidas e teve que pagar indenizações aos vencedores. Isto gerou instabilidade econômica, aumento da inflação e problemas sociais, onde surgem movimentos radicais como o nazismo, liderado por Adolf Hitler, que conquistam parte da população. Hitler defendia a ideia que os arianos eram uma raça superior as demais gerando o Holocausto (genocídio judeu). O mesmo ocorreu com descapacitados mentais e físicos, comunistas, homossexuais, religiosos e ciganos. \r\n Foi iniciada com a invasão alemã na Polônia em setembro de 1939 e terminou com a rendição alemã em maio de 1945. No Pacífico, porém, a contenda continuaria até a capitulação do Japão em setembro de 1945. A frente de batalha era formada pelas nações do Eixo (integrado por Alemanha, Itália e Japão) e os países Aliados (Grã-Bretanha, União Soviética e Estados Unidos). O Brasil declarou guerra ao Eixo em agosto de 1942 e mandou soldados para a Itália em 1944, onde os EUA usaram uma base aérea em Natal/RN.\r\n\r\n1ª fase: vitórias do Eixo (1939-1941)\r\n\r\n França e Grã-Bretanha, sem conflito direto, impuseram bloqueios econômicos à Alemanha, na tentativa de barrar as incursões de Hitler. Em 1940 a Alemanha realizou uma operação com diversos ataques para ocupar a Dinamarca. Os alemães tomaram a Noruega como forma de proteger o comércio de aço com a Suécia e ficar contra a Grã-Bretanha.  Em maio de 1940, Hitler ordenou a invasão da Holanda e da Bélgica, onde, após isto, os nazistas rumam à França e a dominam. A França assina o armistício com a Alemanha em junho de 1940 e é dividida em duas áreas: uma administrada pelos alemães e a outra por apoiadores nazistas. Em agosto, a Alemanha bombardeou as cidades britânicas com a força aérea, onde, mesmo em menor número, a Força Aérea Britânica, neutraliza o ataque e a Grã-Bretanha ordenou incursões em solo alemão. Esta foi a única derrota de Hitler na primeira fase da guerra e permitiu aos Aliados a recompor suas forças.\r\n Em 1941, o exército de Hitler chegou à Líbia (norte da África) para conquistar o canal de Suez. Em maio deste mesmo ano, Iugoslávia e Grécia foram ocupadas por tropas do Eixo.\r\n\r\n2ª fase: equilíbrio de forças (1941-1943)\r\n\r\n Se inicia em 1941 com a invasão da União Soviética pelos alemães e termina em 1943 com a capitulação da Itália. A conquista da União Soviética tinha como finalidade a ocupação das regiões de Leningrado (São Petersburgo), Moscou, Ucrânia e Cáucaso. A entrada do exército alemão ocorreu pela Ucrânia e, posteriormente, seguiu para Leningrado. Quando as forças de Hitler chegaram a Moscou, em dezembro de 1941, foram contidas pelo Exército Vermelho. \r\n Paralelo ao conflito na Europa, as forças do Japão e dos Estados Unidos tinham as relações estremecidas. Antes da guerra, o Japão invadiu a China e a Indochina francesa e como consequência, os EUA decretaram o embargo comercial ao Japão, exigindo a desocupação da China e Indochina. Em meio a negociações diplomáticas, o Japão bombardeou uma base naval no Havaí, e prosseguiu a ofensiva contra os americanos na Ásia meridional e no Pacífico. Com isso, Estados Unidos declararam guerra ao Japão. Os japoneses invadiram a Malásia Britânica, o porto de Cingapura, a Birmânia, a Indonésia, as Filipinas, e também ocupou o porto de Hong Kong e ilhas no Oceano Pacífico que pertenciam à Grã-Bretanha e aos Estados Unidos. Além disso, a Alemanha e a Itália declararam guerra aos Estados Unidos.\r\n No final de 1942 os Aliados passam a ter êxito, onde a Batalha de Estalingrado marca essa fase, alterando o curso do conflito. O Japão sofre derrotas no Pacífico, não conquistando a Austrália e o Havaí. A Inglaterra e os EUA também têm êxito na Líbia e Tunísia, e em 1943 os Aliados desembarcam na Sicília e invadem a Itália. \r\n\r\n3ª fase: vitória dos Aliados (1943-1945)\r\n\r\n A partir da capitulação da Itália, é iniciada uma nova fase, que termina com a rendição japonesa em 1945. Na Itália, o governo de Mussolini é destituído pelo rei Vítor Emanuel III em 1943. No mesmo ano, a Itália firma o armistício com os Aliados, onde a Itália muda de lado e declara guerra à Alemanha. O cerco à Alemanha se concretiza com a queda da Itália. Em 1944, ocorreu o desembarque do exército Aliado na França (Dia D), levando ao recuo alemão e a libertação da França. Ainda na Europa, o Exército soviético liberta a Polônia em janeiro de 1945, conquista a Alemanha e derrota o III Reich. Em 1945 o conflito termina na Europa, porém no Pacífico, os EUA pressionam o Japão e no fim de 1944, conquistam as ilhas Marshall, Carolinas, Marianas e Filipinas. Em 1945, os EUA jogam uma bomba atômica sobre Hiroshima e Nagasaki. A rendição do Japão é assinada em setembro de 1945, pondo fim ao conflito no Pacífico. \r\n\r\nO Brasil na Segunda Guerra Mundial\r\n\r\n Inicialmente neutro, após o bombardeamento de navios brasileiros, o governo de Getúlio Vargas declara guerra ao Eixo. A participação ficou a cargo da FEB (Força Expedicionária Brasileira) como 25.445 soldados, permanecendo em combate durante sete meses. \r\n\r\nConsequências: A Alemanha não foi declarada culpada da guerra, mas passou por um processo de depuração ideológica. Os países europeus se encontravam destruídos e com sua população reduzida, onde somente com a ajuda americana (Plano Marshall), foi possível a reconstrução europeia. Também foi criada a Organização das Nações Unidas (ONU), que serviu como um instrumento diplomático entre as nações. \r\n\r\n O vencedor da guerra foram os Estados Unidos, que não tiveram seu território invadido (exceto o Havaí) nem grandes perdas materiais. A Europa foi dividida em dois blocos econômicos onde Polônia, Hungria e Romênia (leste europeu) passara a sofrer influência da União Soviética com governos socialistas. Já a França, Bélgica e Holanda, foram ocupadas pelos EUA e inauguram a época do Estado de Bem-Estar Social. \r\n', '', 3, 1, 3, '2° Guerra Mundial'),
(27, 'O Golpe do Exército\r\n\r\n Em 1930, foram feitas eleições para presidente da República, estas que deu a vitória a Júlio Prestes. Porém, Prestes não tomou posse. A Aliança Liberal (aliados mineiros, gaúchos e paraibanos) recusou-se a aceitar a validade das eleições, alegando que a vitória de Júlio Prestes era decorrente de fraude. Além disso, deputados eleitos em estados onde a Aliança Liberal conseguiu a vitória, não tiveram o reconhecimento dos seus mandatos. Os estados aliados, principalmente o Rio Grande do Sul planejam então, uma revolta armada.  A situação acaba agravando-se ainda mais quando o candidato a vice-presidente de Getúlio Vargas, João Pessoa, é assassinado em Recife, capital de Pernambuco. Como os motivos do assassinato foram duvidosos Vargas aproveitou para atribuir a culpa à oposição, além da crise econômica acentuada pela crise de 1929; a indignação aumentou, e o Exército –desfavorável ao governo vigente desde o tenentismo – formou uma junta governamental de generais. Depois, Júlio Prestes foi deposto, fugiu com Washington Luís e o poder vai para Vargas, finalizando a República Velha.\r\n\r\nGoverno provisório (1930 - 1934)\r\n\r\n Com o objetivo de organizar a política, Getúlio Vargas deu início ao processo de centralização do poder, eliminando os órgãos legislativos (federal, estadual e municipal). Devido a Revolução de 30, os primeiros anos da Era Vargas foram marcados por “tenentes” nos cargos governamentais e por isso foram designados representantes do governo para assumirem o controle dos estados, para anular a ação dos antigos coronéis. Isso consolidou uma tensão entre as velhas oligarquias e os militares. A oposição a centralização concentrou-se em São Paulo, onde o povo, reivindicando autonomia política, vai à luta contra Vargas exigindo a realização de eleições (Revolução Constitucionalista de 1932). Mesmo derrotando os opositores, Vargas convocou eleições para a Constituinte. No processo eleitoral as principais figuras militares do governo perderam espaço político e, em 1934 uma nova constituição foi promulgada. A Carta de 1934 deu maiores poderes ao executivo, adotou medidas democráticas, criou as bases da legislação trabalhistas, sancionou o voto secreto e o voto feminino.\r\n\r\nGoverno Constitucional (1934 – 1937)\r\n\r\n Nesse segundo mandato, a altercação política se deu em volta de dois ideais: o fascista (defendido pela Ação Integralista Brasileira (AIB)); e o democrático (representado pela Aliança Nacional Libertadora (ANL)), era favorável à reforma agrária, a luta contra o imperialismo e a revolução por meio da luta de classes. A ANL, com as orientações dos altos escalões do comunismo soviético, promoveu uma tentativa de golpe contra o governo (Intentona Comunista), onde em 1935, alguns comunistas brasileiros iniciaram revoltas dentro de instituições militares em cidades Natal (RN), Rio de Janeiro (RJ) e Recife (PE). Getúlio Vargas, no entanto, perseguiu seus oponentes e desarticulou o movimento comunista brasileiro. Com a “ameaça comunista”, Vargas anula a nova eleição presidencial de 1937. Anunciando outra tentativa de golpe comunista (Plano Cohen), Getúlio anulou a constituição de 1934 e dissolveu o Poder Legislativo.\r\n\r\nEstado Novo (1937 - 1945)\r\n\r\n Sob o pretexto da existência de um plano comunista para a tomada do poder (Plano Cohen), Vargas fechou o Congresso Nacional e impôs ao país uma nova Constituição, que ficaria conhecida depois como \"Polaca\" por ter sido inspirada na Constituição da Polônia, de tendência fascista.\r\n O Golpe de Getúlio Vargas foi organizado com os militares e apoio da sociedade, já que o governo reforçava sua propaganda anticomunista, induzindo a classe média a apoiar a centralização política. Em novembro de 1937 foi imposto a censura aos meios de comunicação, repressão a atividade política, perseguição e prisão de inimigos políticos. Adotou medidas econômicas nacionalizantes e deu continuidade a sua política trabalhista com a criação da CLT (Consolidação das Leis do Trabalho), publicação do Código Penal e o Código de Processo Penal. Iniciou-se as concepções da Carteira de Trabalho, da Justiça do Trabalho, do salário mínimo, e pelo descanso semanal remunerado.\r\n Houve a participação do Brasil na Segunda Guerra Mundial contra os países do Eixo, responsável pela contradição do governo Vargas, que dependia economicamente dos EUA e possuía uma política semelhante à alemã.  A derrota das nações nazi fascistas foi a brecha para o crescimento da oposição ao governo de Vargas. Assim, a batalha pela democratização cresceu e o governo foi obrigado a indultar os presos políticos, constituir eleições gerais, vencidas pelo candidato apoiado pelo governo, o general Eurico Gaspar Dutra. ', '', 3, 1, 3, 'Era Vargas'),
(28, ' As leis de Newton fundamentam a base da Mecânica Clássica. São um conjunto de três leis capazes de explicar a dinâmica que envolve o movimento dos corpos. São elas: Princípio da Inércia, Princípio Fundamental da Dinâmica, Princípio da Ação e Reação.', '', 7, 1, 1, 'Leis de Newton'),
(29, 'Atração mútua que os corpos materiais exercem uns sobre os outros. Segue como continuação das Leis de Newton.', '', 7, 1, 1, 'Gravitação'),
(30, ' Dilatação térmica é o aumento do volume de um corpo ocasionado pelo aumento de sua temperatura, o que causa o aumento no grau de agitação de suas moléculas e consequentemente aumento na distância média entre as mesmas.', '', 7, 1, 2, 'Temperatura e Dilatação térmica'),
(31, 'Basicamente, a luz é um tipo de radiação eletromagnética que se propaga pela matéria e pelo vácuo e, por isso, pode ser refletida e refratada.', '', 7, 1, 2, 'Natureza da Luz e suas propriedades'),
(32, 'Estudo das propriedades dos prótons, nêutrons e elétrons nos átomos e de sua carga (neutra, positiva ou negativa) e o impacto disso na natureza.', '', 7, 1, 3, 'Eletrização e Carga elétrica'),
(34, 'Estudo da pertencia e resistência da carga elétrica que passa por um condutor elétrico e suas propriedades.', '', 7, 1, 3, 'Potência e Associação de resistores'),
(35, ' Procura explicar por que os átomos se mantêm unidos para formar as substâncias e também por que eles permanecem unidos ao longo de milhares de anos.', '', 6, 1, 1, 'Ligação química'),
(36, ' Procura explicar as transformações químicas da matéria, o rearranjo dos átomos que formam novas moléculas. Existem as reações inorgânicas e as reações orgânicas.', '', 6, 1, 1, 'Reações Químicas'),
(37, ' Soluções são as misturas resultantes da união de duas ou mais substâncias diferentes. Existem muitos tipos de soluções, como: Sólida, Líquida, Gasosa (essas três baseando-se no solvente), Iônica e Molecular (essas duas baseando-se no soluto). ', '', 6, 1, 2, 'Solução'),
(38, 'O equilíbrio químico ocorre quando, em uma reação reversível, a velocidade da reação direta é igual à velocidade da reação inversa.', '', 6, 1, 2, 'Equilíbrio Químico'),
(39, ' Também conhecida como funções inorgânicas, essa matéria tenta explicar as reações e relações das substancias dentro de cada tipo de funções química.', '', 6, 1, 3, 'Funções químicas'),
(40, ' Radioatividade é um processo natural e espontâneo em que átomos instáveis emitem radiação por meio de decaimento, a fim de diminuírem sua energia e tornarem-se mais estáveis.', '', 6, 1, 3, 'Radioatividade'),
(42, 'Encontros Vocálicos e Consonantais\r\n\r\nEncontros vocálicos são encontros de vogais ou semivogais, sem consoantes intermediárias. Eles acontecem na mesma ou em outra sílaba e são classificados em: ditongo, tritongo e hiato.\r\n\r\n   Ditongo: é o encontro de vogal + semivogal ou de semivogal + vogal (SV + V ou V + SV) que ocorre na mesma sílaba.\r\n\r\n       Exemplos:\r\n       •céu (céu)\r\n       •tranquilo (tran-qui-lo)\r\n       •boi (boi)\r\n\r\nDe acordo com a localização da vogal e da semivogal, os ditongos podem ser: crescentes ou decrescentes.\r\n\r\n   Ditongos Crescentes: são aqueles em que a semivogal vem antes da vogal (SV + V).\r\n\r\n        Exemplos:\r\n\r\n       •igual (i-gual)\r\n       •quota (quo-ta)\r\n       •pátria (pá-tria)\r\n\r\n   Ditongos Decrescentes: são aqueles em que a vogal vem antes da semivogal (V + SV).\r\n\r\n       Exemplos:\r\n\r\n       •meu (meu)\r\n       •herói (he-rói)\r\n       •cai (cai)\r\n\r\nDe acordo com a pronúncia, os ditongos podem ser orais ou nasais.\r\n\r\n   Ditongos Orais: O ditongo é oral quando o seu som é produzido pela boca. É o caso de ai, ia, iu, ui, eu, éu, ue, ei, éi, ie, oi, ói, io, au, ua, ao, oa, ou, uo, oe, eo, ea.\r\n\r\n       Exemplos:\r\n\r\n       •mau (mau)\r\n       •sei (sei)\r\n       •viu (viu)\r\n\r\n   Ditongos Nasais: O ditongo é nasal quando o seu som é produzido pela boca, mas também pelo nariz. É o caso de ão, ãe, õe, am, an, em, en, ãi, ui (ocorre apenas na palavra \"muito\").\r\n\r\n       Exemplos:\r\n\r\n       •mãe (mãe)\r\n       •levem (le-vem)\r\n       •muito (mui-to)\r\n\r\n   Tritongo: é o encontro de semivogal + vogal + semivogal (SV + V + SV) que ocorre na mesma sílaba.\r\n\r\n       Exemplos:\r\n\r\n       •Uruguai (U-ru-guai)\r\n       •saguão (sa-guão)\r\n       •enxaguam (en-xa-guam)\r\n \r\nOs tritongos podem ser orais ou nasais.\r\n\r\n   Tritongos Orais: O tritongo é oral quando é pronunciado pela boca.\r\n\r\n       Exemplos:\r\n\r\n       •Paraguai (Pa-ra-guai)\r\n       •enxaguei (en-xa-guei)\r\n       •iguais (i-guais)\r\n\r\n   Tritongos Nasais: O tritongo é nasal quando é pronunciado pela boca e pelo nariz. As consoantes \"m\" e \"n\" podem acompanhar os tritongos. Quando isso acontecer, os tritongos são classificados como tritongos nasais.\r\n\r\n       Exemplos:\r\n     \r\n       •quão (quão)\r\n       •saguões (sa-guões)\r\n       •enxaguem (en-xa-guem)\r\n\r\n   Hiato: é o encontro de duas vogais (V + V) que ocorre em sílabas diferentes.\r\n\r\n       Exemplos:\r\n\r\n       •raiz (ra-iz)\r\n       •Saara (Sa-a-ra)\r\n       •país (pa-ís)\r\n\r\nEncontros Vocálicos e Consonantais\r\n\r\nComo vimos, os encontros vocálicos representam a união de vogais ou semivogais, sem consoantes intermediárias. Os encontros consonantais, por sua vez, ocorrem pela união de duas ou mais consoantes, sem vogais intermediárias.\r\n\r\n       Exemplos:\r\n\r\n       •Brasil\r\n       •cacto\r\n       •flor\r\n       •objetivo\r\n       •psicologia', '', 1, 1, 1, 'Gramática-Encontros Vocálicos e Consonantais'),
(43, ' O vocativo é um termo que indica o “chamamento”, “invocação”, “interpelação” de uma pessoa (interlocutor) real ou fictícia.\r\n Geralmente, ele é isolado por vírgulas quando a pausa for curta, ou com o ponto de exclamação, interrogação ou reticências, quando for uma pausa longa.\r\n Embora esteja incluso nos termos acessórios da oração, para muitos gramáticos ele não se classifica nessa categoria. Isso porque, para estes estudiosos, o vocativo não estabelece relação sintática com os outros termos como acontece com o aposto e os adjuntos adverbial e adnominal.\r\n\r\nFormação do vocativo\r\n\r\nO vocativo pode ser formado por:\r\n\r\n       •Substantivo, por exemplo: Laís, faça o trabalho de casa. \r\n       •Adjuntos adnominais, por exemplo: Força, meu amor, nós conseguiremos.\r\n       •Pronome pessoal do caso reto, por exemplo: Atenção, você, diminua a velocidade.\r\n\r\nExemplos de vocativos\r\n\r\n O vocativo pode aparecer de diversas maneiras nas orações. Ele pode surgir no final ou início da frase, acompanhar interjeições, surgir entre o nome ou o verbo e o complemento, e ainda, após ou antes a verbo no imperativo.\r\n\r\nSegue abaixo alguns exemplos:\r\n\r\n       \r\n       •Professora, queremos saber as notas. (início da frase)\r\n       •Não diga dessa forma, Manuela! (final da frase)\r\n       •Oh, meu amor, isso não se faz. (acompanha interjeições)\r\n       •Veja, meu querido, que lindo lugar. (após o verbo no imperativo)\r\n       •Nesse momento, Luiz Paulo, deixe a luz acesa. (antes do verbo no imperativo)\r\n       •Tivemos azar, amiga, de ninguém nos encontrar. (nome e complemento)\r\n       •Amanhã será, Dona Elisa, dia da festa (verbo e complemento)\r\n\r\nAposto e Vocativo\r\n\r\n O aposto, tal qual o vocativo, é um termo acessório da oração. Entretanto, diferente dele, possui relação sintática com os termos da oração.\r\n Sendo assim, o aposto é o termo encarregado de explicar ou detalhar melhor o nome ao qual se refere e, geralmente, vem separado por vírgulas, travessões ou parênteses, por exemplo: Camilo Castelo Branco, escritor português, nasceu na cidade de Lisboa em 1825.\r\n', '', 1, 1, 1, 'Grámatica-Vocativo'),
(44, ' O Classicismo corresponde a um movimento artístico cultural que ocorreu durante o período do Renascimento (a partir do século XV) na Europa.\r\n O nome do movimento que marca o fim da Idade Média e o início da Idade Moderna, faz referência aos modelos clássicos (greco-romano).\r\n No campo da literatura, Classicismo é o nome dado aos estilos literários que vigoravam no século XVI, na época do Renascimento. Por isso, a produção desse período também é chamada de Literatura Renascentista.\r\n\r\nO Nascimento de Vênus (1484-1486), de Sandro Botticelli é umas das obras mais emblemáticas do Renascimento italiano\r\n\r\nContexto Histórico\r\n\r\n Na idade Média, período que durou dez séculos (V ao XV), o principal atributo da sociedade era a religião.\r\n Esse momento esteve marcado pelo teocentrismo, cujo lema eram os dogmas e preceitos da Igreja Católica, que cada vez mais adquiria fiéis.\r\n Assim, pessoas que estivessem contra ou questionassem esses dogmas, eram excomungados, além de sofrer alijamento da sociedade, ou em último caso, a morte.\r\n O humanismo, que surgiu a partir do século XV na Europa, começou a questionar diversas questões uma vez que o cientificismo despontava.\r\n\r\nHomem Vitruviano (1590) de Leonardo da Vinci é o símbolo do antropocentrismo humanista\r\n\r\n Muitos estudiosos foram capazes de propor novas formas de análise do mundo e da vida, que estivessem além do divino. Ou seja, apresentavam questões baseadas na racionalidade humana e no antropocentrismo (homem no centro do mundo).\r\n Esse momento esteve marcado por grandes transformações e descobertas históricas:\r\n  \r\n   •as Grandes Navegações;\r\n   •a Reforma Protestante (que levou a uma crise religiosa) encabeçada por Martinho Lutero;\r\n   •a invenção da Imprensa pelo alemão Gutenberg;\r\n   •o fim do sistema feudal (início do capitalismo);\r\n   •o cientificismo de Copérnico e Galileu.\r\n \r\n Foi nesse contexto que as pessoas buscavam novas expressões artísticas pautadas no equilíbrio clássico.\r\n Assim, surgiu o renascimento cultural, período de grandes transformações artísticas, culturais, políticas e que espalhou-se por todo o continente europeu.\r\n\r\nClassicismo em Portugal\r\n\r\n Em Portugal, o Classicismo compreende o período literário do século XVI (entre 1537 e 1580). O marco inicial do movimento foi a chegada do poeta Francisco Sá de Miranda à Portugal.\r\n Ali, ele se inspirou no humanismo italiano, trazendo uma nova forma de poesia: o “dolce stil nuevo” (Doce estilo novo).\r\n Esse novo modelo estava baseado na forma fixa do soneto (2 quartetos e 2 tercetos), nos versos decassílabos e na oitava rima.\r\n Além de Sá de Miranda merecem destaque os escritores portugueses classicistas:\r\n\r\n   •Bernardim Ribeiro (1482-1552), com sua novela “Menina e Moça” (1554);\r\n   •António Ferreira (1528-1569), com sua tragédia “A Castro” (1587).\r\n\r\n No entanto, foi a partir de Luís de Camões, um dos maiores poetas portugueses e da literatura mundial, que a literatura portuguesa ganha notoriedade.\r\n\r\nLuís de Camões (1524-1580) foi o maior destaque da literatura classicista em Portugal\r\n\r\n Sua grande obra \"Os Lusíadas” (1572), é uma epopeia classicista onde ele narra a viagem de Vasco da Gama às Índias. Ela foi escrita em 10 cantos e está composta de 8816 versos decassílabos em oitava rima distribuídos em 1120 estrofes.\r\n O Classicismo em Portugal permaneceu até 1580. Esse é o ano da morte de Camões e também da União das Coroas Ibéricas, aliança estabelecida até 1640 entre Espanha e Portugal.\r\nObs: No Brasil, esse período literário ficou conhecido como Quinhentismo.\r\n\r\nCaracterísticas do Classicismo\r\n\r\nAs principais características do classicismo são:\r\n\r\n   •Antiguidade clássica\r\n   •Antropocentrismo\r\n   •Humanismo\r\n   •Universalismo\r\n   •Racionalismo\r\n   •Cientificismo\r\n   •Paganismo\r\n   •Objetividade\r\n   •Equilíbrio\r\n   •Harmonia\r\n   •Rigor formal\r\n   •Mitologia greco-romana\r\n   •Ideal platônico e de beleza\r\n\r\nPrincipais autores e suas obras\r\n\r\n Decerto que na literatura portuguesa o autor que recebe destaque é Luís Vaz de Camões, com sua obra “Os Lusíadas” (1542). Já na Espanha, Miguel de Cervantes (1547-1616) com sua obra mais notável “Dom Quixote” (1605).\r\n Destacam-se também os escritores humanistas italianos:\r\n\r\n   •Dante Alighieri 1265-1321), com sua obra mais popular “A Divina Comédia” (1555);\r\n   •Francesco Petrarca (1304-1374), pai do humanismo e inventor do soneto;\r\n   •Giovanni Boccacio (1313-1375), com sua obra Magma “Decamerão” (1348 e 1353).', 'classisimo.jpg', 1, 1, 2, 'Literatura-Classismo'),
(45, ' O Parnasianismo é um movimento literário que surgiu na mesma época do Realismo e do Naturalismo, no final do século XIX. De influência e tradição clássica, tem origem na França.\r\n Seu nome surge de Parnase Contemporain, antologias publicadas em Paris a partir de 1866. Parnaso é como se chama a montanha consagrada a Apolo e às musas da poesia na mitologia grega.\r\n Em 1882, Fanfarras, de Teófilo Dias, é a obra que inaugura o parnasianismo brasileiro, movimento que se prolonga até a Semana de Arte Moderna, em 1922.\r\n De postura anti-romântica, o Parnasianismo é baseado no culto da forma, na impassibilidade e impessoalidade, na poesia universalista e no racionalismo.\r\n\r\nTríade parnasiana: Olavo Bilac, Raimundo Corrêa e Alberto de Oliveira\r\n\r\n Os autores parnasianos criticavam a simplicidade da linguagem, a valorização da paisagem nacional e o sentimentalismo. Para eles, essa era uma forma de subjugar os valores da poesia.\r\n A proposta inovadora era de uma poesia de linguagem rebuscada, racional e perfeita do ponto de vista formal. Acreditavam que, se estivesse apoiados no modelo clássico poderiam contrapor os exageros e a fantasia típica do movimento literário Romantismo.\r\n Ao Parnasianismo, seguiu-se o Simbolismo, movimento que exalta a realidade subjetiva e que nega a razão explorada pelos parnasianos.\r\n\r\nCaracterísticas\r\n\r\n Os parnasianos são esteticamente detalhistas. Ao se preocupar com a forma, valorizam o vocabulário culto, os sonetos, bem como as rimas raras.\r\n Também de forma marcante, os temas da antiguidade clássica são observados nessa escola literária, cujos autores são realistas e objetivos e mostram as coisas como elas se apresentam, ou seja, de forma descritiva e sem lirismo, ou com exaltação de sentimentos muita vaga. Isso porque entendem que a arte já seja bela, de modo que não precisa ser explicada, pois ela vale por si.\r\n Muitas característica do Parnasianismo encontram-se presentes no Realismo. Observe, no entanto que, no Parnasianismo foram criadas apenas poesias, não existe prosa parnasiana.\r\n Em resumo, as características do Parnasianismo são:\r\n \r\n   •Idealização da arte pela arte\r\n   •Busca da perfeição formal\r\n   •Preferência pelo soneto\r\n   •Preferência pela descrição\r\n   •Rimas raras\r\n   •Vocabulário culto\r\n   •Objetivismo\r\n   •Racionalismo\r\n   •Universalismo\r\n   •Apego à tradição clássica\r\n   •Gosto pela mitologia greco-latina\r\n   •Rejeição do lirismo\r\n\r\nContexto histórico\r\n\r\n O fato de os parnasianos interpretarem o mundo de forma cientificista e positivista resulta do período em que esteve inserido, época de muitas invenções e avanços que traziam mudanças não só à economia, mas que transformavam a mentalidade das pessoas.\r\n Isso porque, a valorização da ciência rompe com o subjetivismo, marca da escola literária anterior, o Romantismo.\r\n\r\nAutores do Parnasianismo no Brasil\r\n\r\n Os principais autores do Parnasianismo no Brasil foram Olavo Bilac (1865- 1918), Raimundo Corrêa (1859-1911) e Alberto de Oliveira (1857-1937). Os três formavam a chamada tríade parnasiana.\r\n Além deles, outros autores também merecem destaque: Augusto de Lima (1859-1937), Bernardino Lopes (1859-1916), Fontoura Xavier (1856-1922), Francisca Júlia (1871-1920) e Múcio Teixeira (1857-1926).\r\n\r\nAutores do Parnasianismo em Portugal\r\n\r\n Embora tenha sido mais representativo no Brasil, alguns autores se destacam no Parnasianismo em Portugal. São exemplos António Feijó (1859-1917), Cesário Verde (1855-1886), Gonçalves Crespo (1846-1883) e João Penha (1838-1919).\r\n', 'parnasianismo.jpg', 1, 1, 2, 'Literatura-Parnasianismo'),
(46, 'A compreensão de conjuntos é a principal base para o estudo da álgebra e de conceitos de grande importância na Matemática, como funções e inequações. A notação que usamos para conjuntos é sempre uma letra maiúscula do nosso alfabeto (por exemplo, conjunto A ou conjunto B).\r\nEm se tratando da representação dos conjuntos, ela pode ser feita pelo diagrama de Venn, pela simples descrição das características dos seus elementos, pela enumeração dos elementos ou pela descrição das suas propriedades. Ao trabalhar com problemas que envolvem conjuntos, existem situações que exigem a realização de operações entre os conjuntos, sendo elas a união, a intersecção e a diferença.\r\nNotação e representação de conjuntos\r\nPara representação de um conjunto, utilizamos sempre uma letra maiúscula do alfabeto, e os elementos estão sempre entre chaves e são separados por vírgula. Para representar o conjunto dos números pares maiores que 1 e menores que 20, por exemplo, usamos a seguinte notação: P ={2,4,6,8,10,12,14,16,18}.\r\nFormas de representação dos conjuntos\r\nRepresentação por enumeração: podemos enumerar seus elementos, ou seja, fazer uma lista, sempre entre chaves. Veja um exemplo:\r\nA = {1,5,9,12,14,20}\r\nDescrevendo as características: podemos simplesmente descrever a característica do conjunto. Por exemplo, seja X um conjunto, temos que X = {x é um número positivo múltiplo de 5}; Y: é o conjunto dos meses do ano.\r\nDiagrama de Venn: os conjuntos também podem ser representados na forma de um diagrama, conhecido como diagrama de Venn, que é uma representação mais eficiente para a realização das operações.\r\nExemplo:\r\nDado o conjunto A = {1,2,3,4,5}, podemos representá-lo no diagrama de Venn a seguir:\r\nDiagrama do conjunto A\r\nElementos de um conjunto e relação de pertinência\r\nDado um elemento qualquer, podemos dizer que o elemento pertence ao conjunto ou não pertente a esse conjunto. Para representar essa relação de pertinência de forma mais rápida, utilizamos os símbolos    (lê-se pertence) e ∉ (lê-se não pertente). Por exemplo, seja P o conjunto dos números pares, podemos dizer que o 7 ∉ P e que 12   P.\r\nNão pare agora... Tem mais depois da publicidade ;)\r\nIgualdade de conjuntos\r\nÉ inevitável a comparação entre os conjuntos, sendo assim, podemos afirmar que dois conjuntos são iguais ou não verificando cada um dos seus elementos. Seja A = { 0,1,3,4,8} e B = { 8,4,3,1,0}, ainda que os elementos estejam em ordem diferente, podemos afirmar que os conjuntos A e B são iguais: A = B.\r\nRelação de inclusão\r\nAo comparar dois conjuntos, podemos nos deparar com diversas relações, e uma delas é a relação de inclusão. Para essa relação, precisamos conhecer alguns símbolos:\r\n⊃ → contém ⊂ → está contido\r\n⊅ → não contém ⊄ → não está contido\r\n\r\nQuando todos os elementos de um conjunto A pertencem também a um conjunto B, dizemos que A ⊂ B ou que A está contido em B. Por exemplo, A= {1,2,3} e B={1,2,3,4,5,6}. É possível também fazer a representação pelo diagrama de Venn, que ficaria assim:\r\nA está contido em B:\r\nA ⊂ B\r\nSubconjuntos\r\nQuando acontece uma relação de inclusão, ou seja, o conjunto A está contido no conjunto B, podemos dizemos que A é subconjunto de B. O subconjunto continua sendo um conjunto, e um conjunto pode ter vários subconjuntos, construídos a partir dos elementos pertencentes a ele.\r\nPor exemplo: A: {1,2,3,4,5,6,7,8} tem como subconjuntos os conjuntos B: {1,2,3}; C: {1,3,5,7}; D: {1} e, até mesmo, o conjunto A {1,2,3,4,5,6,7,8}, ou seja, A é subconjunto dele mesmo.\r\nConjunto unitário\r\nComo o nome já sugere, é aquele conjunto que possui somente um elemento, como o conjunto D: {1} mostrado anteriormente. Dado o conjunto B: {1,2,3}, temos os subconjuntos {1}, {2} e {3}, que são todos conjuntos unitários.\r\nATENÇÃO: O conjunto E: {0} também é um conjunto unitário, pois ele possui um único elemento, o “0”, não se tratando de um conjunto vazio.\r\nconjunto vazio.\r\nConjunto vazio\r\nCom um nome mais sugestivo ainda, o conjunto vazio não possui nenhum elemento e é subconjunto de qualquer conjunto. Para representar o conjunto vazio, há duas representações possíveis, sendo elas V: { } ou o símbolo Ø.\r\nConjuntos das partes\r\nConhecemos como conjuntos das partes todos os subconjuntos possíveis de um determinado conjunto. Seja A: {1,2,3,4}, podemos listar todos os subconjuntos desse conjunto A começando com os conjuntos que possuem nenhum elemento (vazios) e, depois, os que possuem um, dois, três e quatro elementos, respectivamente.\r\nConjunto vazio: { };\r\nConjuntos unitários: {1}; {2};{3}; {4}.\r\nConjuntos com dois elementos: {1,2}; {1,3}; {1,4}; {2,3}; {2,4}; {3,4}.\r\nConjuntos com três elementos: {1,2,3}; {1,3,4}; {1,2,4}; {2,3,4}.\r\nConjunto com quatro elementos: {1,2,3,4}.\r\nSendo assim, podemos descrever o conjunto das partes de A desta forma:\r\nP: { { }, {1}, {2}, {3}, {4}, {1,2}, {1,3}, {1,4}, {2,3}, {2,4}, {3,4}, {1,2,3}, {1,3,4}, {1,2,4}, {2,3,4}, {1,2,3,4} }\r\nPara saber a quantidade de partes em que é possível dividir um conjunto, usamos a fórmula:\r\nn[ P(A)] = 2n\r\nO número de partes de A é calculado por uma potência de base 2 elevada a n, em que n é a quantidade de elementos do conjunto.\r\nConsidere o conjunto A: {1,2,3,4}, que possui quatro elementos. O total de subconjuntos possíveis desse conjunto é 24 =16.\r\nLeia também: O que é o conjunto dos números irracionais?\r\nConjunto finito e infinito\r\nAo trabalhar com conjuntos, encontramos conjuntos que são limitados (finitos) e aqueles que são ilimitados (infinitos). O conjunto dos números pares ou ímpares, por exemplo, é infinito e, para representá-lo, descrevemos alguns dos seus elementos em sequência, de forma que seja possível prever quais serão os próximos elementos, e colocamos reticências no final.\r\nI: {1,3,5,7,9,11...}\r\nP: {2,4,6,8,10, ...}\r\nJá em um conjunto finito, não colocamos as reticências no final, pois ele possui começo e final definidos.\r\nA: {1,2,3,4}.\r\nConjunto universo\r\nO conjunto universo, denotado por U, é definido como o conjunto formado por todos os elementos que devem ser considerados dentro de um problema. Todo elemento pertence ao conjunto universo e todo conjunto está contido no conjunto universo.\r\nOperações com conjuntos\r\nAs operações com conjuntos são: união, intersecção e diferença.\r\nIntersecção de conjuntos\r\nA intersecção é uma das operações entre conjuntos.\r\nOcorre uma intersecção quando os elementos pertencem simultaneamente a um ou mais conjuntos. Ao escrever A∩B, estamos procurando os elementos que pertencem tanto ao conjunto A quanto ao conjunto B.\r\nExemplo:\r\nConsidere A= {1,2,3,4,5,6} e B = {2,4,6,7,8}, os elementos que pertencem tanto ao conjunto A quanto ao conjunto B são: A∩B = {2,4,6}. A representação dessa operação é feita da seguinte forma:\r\n A∩B\r\nQuando os conjuntos não possuem nenhum elemento em comum, são conhecidos como conjuntos disjuntos.\r\nRepresentação de conjuntos disjuntos\r\nA∩B = Ø\r\nDiferença entre conjuntos \r\nDiferença entre os conjuntos (A – B)\r\nCalcular a diferença entre dois conjuntos é procurar os elementos que pertencem a somente um dos dois conjuntos. Por exemplo, A – B tem como resposta um conjunto composto por elementos que pertencem ao conjunto A e não pertencem ao conjunto B.\r\nExemplo: A: {1,2,3,4,5,6} e B: {2,4,6,7,8}. Note que A ∩ B ={2,4,6}, então temos que:\r\na) A – B = { 1,3,5 }\r\nb) B – A = { 7,8 }\r\nUnião\r\nA união de dois ou mais conjuntos é a junção dos seus termos. Caso haja elementos que se repitam nos dois conjuntos, eles são escritos uma única vez. Por exemplo: A={1,2,3,4,5} e B={4,5,6,7,10,14}. Para representar a união, usamos o símbolo (lê-se: A união com B).\r\nA U B = {1,2,3,4,5,6,7,10,14}\r\nPara saber mais detalhes sobre essas operações e conferir vários exercícios resolvidos, leia: Operações com conjuntos.\r\nLeis de Morgan\r\nSejam A e B dois conjuntos e seja U o conjunto universo, existem duas propriedades que são dadas pelas Leis de Morgan, sendo elas:\r\n(A U B)c = Ac ∩ Bc\r\n(A ∩ B)c = Ac U Bc\r\nExemplo:\r\nDados os conjuntos:\r\nU: {1,2,3,4,5,6,7,8,9,10,11,12,13,14,15,16,17,18,19,20}\r\nA: {2,4,6,8,10,12,14,16,18,20}\r\nB: {5,10,15,20}\r\nVamos verificar que (A U B)c = Ac ∩ Bc . Assim, temos que:\r\nA U B = {2,4,5,6,8,10,12,14,15,16,18,20}\r\nLogo, (A U B)c={1,3,7,9,11,13,17,19}\r\nPara verificar a veracidade da igualdade, vamos analisar a operação Ac ∩ Bc:\r\nAc:{1,3,5,7,9,11,13,15,17,19}\r\nBc:{1,2,3,4,6,7,8,9,11,12,13,14,16,17,18,19}\r\nEntão, Ac ∩ Bc ={1,3,7,9,11,13,15,17,19}.\r\n(A U B)c = Ac ∩ Bc\r\nExercícios resolvidos\r\n01) Considere U: {1,2,3,4,5,6,7,8,9,10}, A: {1,2,3,4,5,6} e B: {4,5,6,7,8,9}. Mostre que (A ∩ B)c = Ac U Bc.\r\nResolução:\r\n1º passo: encontrar (A ∩ B)c. Para isso, temos que A ∩ B = {4,5,6} , então (A ∩ B)c ={1,2,3,7,8,9,10}.\r\n2º passo: encontrar Ac U Bc. Ac:{7,8,9,10} e Bc:{1,2,3,10}, então Ac U Bc = {1,2,3,7,8,9,19}.\r\nFica demonstrado que (A ∩ B)c = Ac U Bc.\r\n02) Sabendo que A é o conjunto dos números pares de 1 até 20, qual é a quantidade total de subconjuntos que podemos construir a partir dos elementos desse conjunto?\r\nResolução:\r\nSeja P o conjunto descrito, temos que P: {2,4,6,8,10,12,14,16,18,20}. Sendo assim, o número de elementos de P é 10.\r\nPela teoria do conjunto das partes, o número de subconjuntos possíveis de P é:\r\n210=1024\r\n', '', 2, 1, 1, 'Conjuntos'),
(47, 'Na matemática, a sequência numérica ou sucessão numérica corresponde a uma função dentro de um agrupamento de números.\r\nDe tal modo, os elementos agrupados numa sequência numérica seguem uma sucessão, ou seja, uma ordem no conjunto.\r\nClassificação\r\nAs sequências numéricas podem ser finitas ou infinitas, por exemplo:\r\nSF = (2, 4, 6, ..., 8)\r\nSI = (2,4,6,8...)\r\nNote que quando as sequências são infinitas, elas são indicadas pelas reticências no final. Além disso, vale lembrar que os elementos da sequência são indicados pela letra a. Por exemplo:\r\n1° elemento: a1 = 2\r\n4° elemento: a4 = 8\r\nO último termo da sequência é chamado de enésimo, sendo representado por an. Nesse caso, o an da sequência finita acima seria o elemento 8.\r\nAssim, podemos representá-la da seguinte maneira:\r\nSF = (a1, a2, a3,...,an)\r\nSI = (a1, a2, a3, an...)\r\nLei de Formação\r\nA Lei de Formação ou Termo Geral é utilizada para calcular qualquer termo de uma sequência, expressa pela expressão:\r\nan = 2n2 - 1\r\nLei de Recorrência\r\nA Lei da Recorrência permite calcular qualquer termo de uma sequência numérica a partir de elementos antecessores:\r\nan = an-1, an-2,...a1\r\nProgressões Aritméticas e Progressões Geométricas\r\nDois tipos de sequências numéricas muito utilizadas na matemática são as progressões aritmética e geométrica.\r\nA progressão aritmética (PA) é uma sequência de números reais determinada por uma constante r (razão), a qual é encontrada pela soma entre um número e outro.\r\nA progressão geométrica (PG) é uma sequência numérica cuja razão (r) constante é determinada pela multiplicação de um elemento com o quociente (q) ou razão da PG.\r\nPara compreender melhor, veja abaixo os exemplos:\r\nPA = (4,7,10,13,16...an...) PA infinita de razão (r) 3\r\nPG (1, 3, 9, 27, 81, ...), PG crescente de razão (r) 3\r\nA Progressão Aritmética (P.A.) é uma sequência de números onde a diferença entre dois termos consecutivos é sempre a mesma. Essa diferença constante é chamada de razão da P.A..\r\nSendo assim, a partir do segundo elemento da sequência, os números que surgem são resultantes da soma da constante com o valor do elemento anterior.\r\nIsso é o que a diferencia da progressão geométrica (P.G.), pois nesta, os números são multiplicados pela razão, enquanto na progressão aritmética, eles são somados.\r\nAs progressões aritméticas podem apresentar um número determinado de termos (P.A. finita) ou um número infinito de termos (P.A. infinita).\r\nPara indicar que uma sequência continua indefinidamente utilizamos reticências, por exemplo:\r\n•	a sequência (4, 7, 10, 13, 16, ...) é uma P.A. infinita.\r\n•	a sequência (70, 60, 50, 40, 30, 20, 10) é uma P.A. finita.\r\nCada termo de uma P.A. é identificado pela posição que ocupa na sequência e para representar cada termo utilizamos uma letra (normalmente a letra a) seguida de um número que indica sua posição na sequência.\r\nPor exemplo, o termo a4 na P.A (2, 4, 6, 8, 10) é o número 8, pois é o número que ocupa a 4ª posição na sequência.\r\nClassificação de uma P.A.\r\nDe acordo com o valor da razão, as progressões aritméticas são classificadas em:\r\n•	Constante: quando a razão for igual a zero. Por exemplo: (4, 4, 4, 4, 4...), sendo r = 0.\r\n•	Crescente: quando a razão for maior que zero. Por exemplo: (2, 4, 6, 8,10...), sendo r = 2.\r\n•	Decrescente: quando a razão for menor que zero (15, 10, 5, 0, - 5,...), sendo r = - 5\r\nPropriedades da P.A.\r\n1ª propriedade:\r\nEm uma P.A. finita, a soma de dois termos equidistantes dos extremos é igual à soma dos extremos.\r\nExemplo\r\n2ª propriedade:\r\nConsiderando três termos consecutivos de uma P.A., o termo do meio será igual a média aritmética dos outros dois termos.\r\nExemplo\r\n3ª propriedade:\r\nEm uma P.A. finita com número de termos ímpar, o termo central será igual a média aritmética do primeiro termo com o último termo.\r\nFórmula do Termo Geral\r\nComo a razão de uma P.A. é constante, podemos calcular seu valor a partir de quaisquer termos consecutivos, ou seja:\r\n \r\nSendo assim, podemos encontrar o valor do segundo termo da P.A. fazendo:\r\n \r\nPara encontrar o terceiro termo utilizaremos o mesmo cálculo:\r\n \r\nSubstituindo o valor de a2, que encontramos anteriormente, temos:\r\n \r\nSe seguirmos o mesmo raciocínio, podemos encontrar:\r\n \r\nObservando os resultados encontrados, notamos que cada termo será igual a soma do primeiro termo com a razão multiplicada pela posição anterior.\r\nEsse cálculo é expresso através da fórmula do termo geral da P.A., que nos permite conhecer qualquer elemento de uma progressão aritmética. Assim, temos:\r\n \r\nOnde,\r\nan : termo que queremos calcular\r\na1: primeiro termo da P.A.\r\nn: posição do termo que queremos descobrir\r\nr: razão\r\nExemplo\r\nCalcule o 10° termo da P.A.: (26, 31, 36, 41, ...)\r\nSolução\r\nPrimeiro, devemos identificar que a1 = 26, r = 31 - 26 = 5 e n = 10 (10º termo). Substituindo esses valores na fórmula do termo geral, temos:\r\nan = a1 + (n - 1) . r\r\na10 = 26 + (10-1) . 5\r\na10 = 26 + 9 .5\r\na10 = 71\r\nPortanto, o décimo termo da progressão aritmética indicada é igual a 71.\r\nSoma dos Termos de uma P.A.\r\nPara encontrar a soma dos termos de uma P.A. finita, basta utilizar a fórmula:\r\n \r\nOnde,\r\nSn: soma dos n primeiros termos da P.A.\r\na1: primeiro termo da P.A.\r\nan: ocupa a enésima posição na sequência\r\nn: posição do termo\r\nProgressão Geométrica (PG) corresponde a uma sequência numérica cujo quociente (q) ou razão entre um número e outro (exceto o primeiro) é sempre igual.\r\nEm outras palavras, o número multiplicado pela razão (q) estabelecida na sequência, corresponderá ao próximo número, por exemplo:\r\nPG: (2,4,8,16, 32, 64, 128, 256...)\r\nNo exemplo acima, podemos constatar que na razão ou quociente (q) da PG entre os números, o número que multiplicado pela razão (q) determina seu consecutivo, é o número 2:\r\n2 . 2 = 4\r\n4 . 2 = 8\r\n8 . 2 = 16\r\n16 . 2 = 32\r\n32 . 2 = 64\r\n64 . 2 = 128\r\n128 . 2 = 256\r\nVale lembrar que a razão de uma PG é sempre constante e pode ser qualquer número racional (positivos, negativos, frações) exceto o número zero (0).\r\nClassificação das Progressões Geométricas\r\nDe acordo com o valor da razão (q), podemos dividir as Progressões Geométricas (PG) em 4 tipos:\r\nPG Crescente\r\nNa PG crescente a razão é sempre positiva (q > 0) formada por números crescentes, por exemplo:\r\n(1, 3, 9, 27, 81, ...), onde q = 3\r\nPG Decrescente\r\nNa PG decrescente, a razão é sempre positiva (q > 0) e diferente de zero (0) formada por números decrescentes.\r\nOu seja, os números da sequência são sempre menores do que seus antecessores, por exemplo:\r\n(-1, -3, -9, -27, -81, ...) onde q = 3\r\nPG Oscilante\r\nNa PG oscilante, a razão é negativa (q < 0), formada por números negativos e positivos, por exemplo:\r\n(3,-6,12,-24,48,-96,192,-384,768,...), onde q = -2\r\nPG Constante\r\nNa PG constante, a razão é sempre igual a 1 formada pelos mesmos números a, por exemplo:\r\n(5, 5, 5, 5, 5, 5, 5, ...) onde q = 1\r\nFórmula do Termo Geral\r\nPara encontrar qualquer elemento da PG, utiliza-se a expressão:\r\nan = a1 . q(n-1)\r\nOnde:\r\nan: número que queremos obter\r\na1: o primeiro número da sequência\r\nq(n-1): razão elevada ao número que queremos obter, menos 1\r\nAssim, para identificar o termo 20 de uma PG de razão q = 2 e número inicial 2, calcula-se:\r\nPG: (2,4,8,16, 32, 64, 128,...)\r\na20 = 2 . 2(20-1)\r\na20 = 2 . 219\r\na20 = 1048576\r\nSoma dos Termos da PG\r\nPara calcular a soma dos números presentes numa PG, utiliza-se a seguinte fórmula:\r\n \r\nonde:\r\nSn: Soma dos números da PG\r\na1: primeiro termo da sequência\r\nq : razão\r\nn: quantidade de elementos da PG\r\nDessa forma, para calcular a soma dos 10 primeiros termos da seguinte PG (1,2,4,8,16, 32,...);', '', 2, 1, 1, 'Sequências e Progressão Aritmética e Progressão Geométrica');
INSERT INTO `conteudos` (`ID_cont`, `texto`, `end_imagens_cont`, `cod_mat`, `cod_adm`, `ano`, `assunto`) VALUES
(48, 'A teoria da probabilidade é o ramo da Matemática que estuda experimentos ou fenômenos aleatórios e através dela é possível analisar as chances de um determinado evento ocorrer.\r\nQuando calculamos a probabilidade, estamos associando um grau de confiança na ocorrência dos resultados possíveis de experimentos, cujos resultados não podem ser determinados antecipadamente.\r\nDesta forma, o cálculo da probabilidade associa a ocorrência de um resultado a um valor que varia de 0 a 1 e, quanto mais próximo de 1 estiver o resultado, maior é a certeza da sua ocorrência.\r\nPor exemplo, podemos calcular a probabilidade de uma pessoa comprar um bilhete da loteria premiado ou conhecer as chances de um casal ter 5 filhos todos meninos.\r\nExperimento Aleatório\r\nUm experimento aleatório é aquele que não é possível prever qual resultado será encontrado antes de realizá-lo.\r\nOs acontecimentos deste tipo quando repetidos nas mesmas condições, podem dar resultados diferentes e essa inconstância é atribuída ao acaso.\r\nUm exemplo de experimento aleatório é jogar um dado não viciado (dado que apresenta uma distribuição homogênea de massa) para o alto. Ao cair, não é possível prever com total certeza qual das 6 faces estará voltada para cima.\r\nFórmula da Probabilidade\r\nEm um fenômeno aleatório, as possibilidades de ocorrência de um evento são igualmente prováveis.\r\nSendo assim, podemos encontrar a probabilidade de ocorrer um determinado resultado através da divisão entre o número de eventos favoráveis e o número total de resultados possíveis:\r\n \r\nSendo:\r\np(A): probabilidade da ocorrência de um evento A\r\nn(A): número de casos que nos interessam (evento A)\r\nn(Ω): número total de casos possíveis\r\nExemplos\r\n1) Se lançarmos um dado perfeito, qual a probabilidade de sair um número menor que 3?\r\nSolução\r\nSendo o dado perfeito, todas as 6 faces têm a mesma chance de caírem voltadas para cima. Vamos então, aplicar a fórmula da probabilidade.\r\nPara isso, devemos considerar que temos 6 casos possíveis (1, 2, 3, 4, 5, 6) e que o evento \"sair um número menor que 3\" tem 2 possibilidades, ou seja, sair o número 1 ou o número 2. Assim, temos:\r\n \r\n2) O baralho de cartas é formado por 52 cartas divididas em quatro naipes (copas, paus, ouros e espadas) sendo 13 cartas de cada naipe. Dessa forma, se retirar uma carta ao acaso, qual a probabilidade de sair uma carta do naipe de paus?\r\nSolução\r\nAo retirar uma carta ao acaso, não podemos prever qual será esta carta. Sendo assim, esse é um experimento aleatório.\r\nNeste caso, o número de cartas corresponde ao número de casos possíveis e temos 13 cartas de paus que representam o número de eventos favoráveis.\r\nSubstituindo esses valores na fórmula da probabilidade, temos:\r\n \r\nEspaço Amostral\r\nRepresentado pela letra Ω, o espaço amostral corresponde ao conjunto de resultados possíveis obtidos a partir de um experimento aleatório.\r\nPor exemplo, ao retirar ao acaso uma carta de um baralho, o espaço amostral corresponde às 52 cartas que compõem este baralho.\r\nDa mesma forma, o espaço amostral ao lançar uma vez um dado, são as seis faces que o compõem:\r\nΩ = {1, 2, 3, 4, 5 e 6}.\r\nTipos de Eventos\r\nO evento é qualquer subconjunto do espaço amostral de um experimento aleatório.\r\nQuando um evento é exatamente igual ao espaço amostral ele, é chamado de evento certo. Ao contrário, quando o evento é vazio, ele é chamado de evento impossível.\r\nExemplo\r\nImagine que temos uma caixa com bolas numeradas de 1 a 20 e que todas as bolas são vermelhas.\r\nO evento \"tirar uma bola vermelha\" é um evento certo, pois todas as bolas da caixa são desta cor. Já o evento \"tirar um número maior que 30\", é impossível, visto que o maior número na caixa é 20.\r\nAnálise Combinatória\r\nEm muitas situações, é possível descobrir de forma direta o número de eventos possíveis e favoráveis de um experimento aleatório.\r\nEntretanto, em alguns problemas, será necessário calcular esses valores. Neste caso, podemos utilizar as fórmulas de permutação, arranjo e combinação de acordo com a situação proposta na questão.', '', 2, 1, 2, 'Probabilidade'),
(49, 'As funções trigonométricas, também chamadas de funções circulares, estão relacionadas com as demais voltas no ciclo trigonométrico.\r\nAs principais funções trigonométricas são:\r\n•	Função Seno\r\n•	Função Cosseno\r\n•	Função Tangente\r\nNo círculo trigonométrico temos que cada número real está associado a um ponto da circunferência.\r\nFigura do Círculo Trigonométrico dos ângulos expressos em graus e radianos\r\nFunções Periódicas\r\nAs funções periódicas são funções que possuem um comportamento periódico. Ou seja, que ocorrem em determinados intervalos de tempo.\r\nO período corresponde ao menor intervalo de tempo em que acontece a repetição de determinado fenômeno.\r\nUma função f: A → B é periódica se existir um número real positivo p tal que\r\nf(x) = f (x+p), ∀ x ∈ A\r\nO menor valor positivo de p é chamado de período de f.\r\nNote que as funções trigonométricas são exemplos de funções periódicas visto que apresentam certos fenômenos periódicos.\r\nFunção Seno\r\nA função seno é uma função periódica e seu período é 2π. Ela é expressa por:\r\nfunção f(x) = sen x\r\nNo círculo trigonométrico, o sinal da função seno é positivo quando x pertence ao primeiro e segundo quadrantes. Já no terceiro e quarto quadrantes, o sinal é negativo.\r\nAlém disso, no primeiro e quarto quadrantes a função f é crescente. Já no segundo e terceiro quadrantes a função f é decrescente.\r\nO domínio e o contradomínio da função seno são iguais a R. Ou seja, ela está definida para todos os valores reais: Dom(sen)=R.\r\nJá o conjunto da imagem da função seno corresponde ao intervalo real [-1, 1]: -1 < sen x < 1.\r\nEm relação à simetria, a função seno é uma função ímpar: sen(-x) = -sen(x).\r\nO gráfico da função seno f(x) = sen x é uma curva chamada de senoide:\r\nGráfico da função seno\r\nFunção Cosseno\r\nA função cosseno é uma função periódica e seu período é 2π. Ela é expressa por:\r\nfunção f(x) = cos x\r\nNo círculo trigonométrico, o sinal da função cosseno é positivo quando x pertence ao primeiro e quarto quadrantes. Já no segundo e terceiro quadrantes, o sinal é negativo.\r\nAlém disso, no primeiro e segundo quadrantes a função f é decrescente. Já no terceiro e quarto quadrantes a função f é crescente.\r\nO domínio e o contradomínio da função cosseno são iguais a R. Ou seja, ela está definida para todos os valores reais: Dom(cos)=R.\r\nJá o conjunto da imagem da função cosseno corresponde ao intervalo real [-1, 1]: -1 < cos x < 1.\r\nEm relação à simetria, a função cosseno é uma função par: cos(-x) = cos(x).\r\nO gráfico da função cosseno f(x) = cos x é uma curva chamada de cossenoide:\r\nGráfico da função cosseno\r\nFunção Tangente\r\nA função tangente é uma função periódica e seu período é π. Ela é expressa por:\r\nfunção f(x) = tg x\r\nNo círculo trigonométrico, o sinal da função tangente é positivo quando x pertence ao primeiro e terceiro quadrantes. Já no segundo e quarto quadrantes, o sinal é negativo.\r\nAlém disso, a função f definida por f(x) = tg x é sempre crescente em todos os quadrantes do círculo trigonométrico.\r\nO domínio da função tangente é: Dom(tan)={x ∈ R│x ≠ de π/2 + kπ; K ∈ Z}. Assim, não definimos tg x, se x = π/2 + kπ.\r\nJá o conjunto da imagem da função tangente corresponde a R, ou seja, o conjunto dos números reais.\r\nEm relação à simetria, a função tangente é uma função ímpar: tg(-x) = -tg(-x).\r\nO gráfico da função tangente f(x) = tg x é uma curva chamada de tangentoide:\r\nGráfico da função tangente', 'funcoes trigo-1.jpg', 2, 1, 2, 'Funções Trigonométricas'),
(50, 'Plano cartesiano é um método criado pelo filósofo e matemático francês, René Descartes. Trata-se de dois eixos perpendiculares que pertencem a um plano em comum.\r\nDescartes criou esse sistema de coordenadas para demostrar a localização de alguns pontos no espaço.\r\nEsse método gráfico é utilizado em diversas áreas, sobretudo na matemática e na cartografia.\r\nComo Fazer?\r\nPara localizar pontos num plano cartesiano, devemos ter em conta algumas indicações importantes.\r\nA linha vertical é chamada de eixo das ordenadas (y). Já a linha horizontal é chamada de eixo das abscissas (x). Com a intersecção dessas linhas temos a formação de 4 quadrantes:\r\nRepresentação do Plano Cartesiano\r\nÉ importante notar que no plano cartesiano os números podem ser positivos ou negativos.\r\nOu seja, os números positivos vão para cima ou para a direita, dependendo do eixo (x ou y). Já os números negativos, vão para a esquerda ou para baixo.\r\n•	1.º quadrante: os números sempre serão positivos: x > 0 e y > 0\r\n•	2.º quadrante: os números são negativos ou positivos: x 0\r\n•	3.º quadrante: os números são sempre negativos: x\r\n•	4.º quadrante: os números podem ser positivos ou negativos: x > 0 e y\r\nExemplos\r\nAs coordenadas cartesianas são representadas por dois números racionais entre parênteses, os quais são chamados de elementos:\r\nA: (4, 7)\r\nB: (8, -9)\r\nC: (-2, 2)\r\nD: (-5, -4)\r\nE: (5, 3)\r\nExemplo\r\nEsses elementos formam um “par ordenado”. O primeiro elemento corresponde ao eixo das abscissas (x). Já o segundo elemento corresponde ao eixo das ordenadas (y).\r\nNote que o ponto em que os eixos se encontram é chamado de “origem” e corresponde ao par ordenado (0, 0).\r\nProduto Cartesiano\r\nO produto cartesiano é usado na teoria dos conjuntos. É aplicado em conjuntos distintos e corresponde à multiplicação entre os pares ordenados. Esse método também foi criado por René Descartes.\r\n', 'geometria ana-1.jpg', 2, 1, 3, 'Geometria Analítica – Plano Cartesiano'),
(51, 'Média, Moda e Mediana são medidas de tendência central utilizadas em estatística.\r\nMédia\r\nA média (Me) é calculada somando-se todos os valores de um conjunto de dados e dividindo-se pelo número de elementos deste conjunto.\r\nComo a média é uma medida sensível aos valores da amostra, é mais adequada para situações em que os dados são distribuídos mais ou menos de forma uniforme, ou seja, valores sem grandes discrepâncias.\r\nFórmula\r\n \r\nSendo,\r\nMe: média\r\nx1, x2, x3,..., xn: valores dos dados\r\nn: número de elementos do conjunto de dados\r\nExemplo\r\nOs jogadores de uma equipe de basquete apresentam as seguintes idades: 28, 27, 19, 23 e 21 anos. Qual a média de idade desta equipe?\r\nSolução\r\n \r\nLeia também Média Simples e Média Ponderada e Média Geométrica.\r\nModa\r\nA Moda (Mo) representa o valor mais frequente de um conjunto de dados, sendo assim, para defini-la basta observar a frequência com que os valores aparecem.\r\nUm conjunto de dados é chamado de bimodal quando apresenta duas modas, ou seja, dois valores são mais frequentes.\r\nExemplo\r\nEm uma sapataria durante um dia foram vendidos os seguintes números de sapato: 34, 39, 36, 35, 37, 40, 36, 38, 36, 38 e 41. Qual o valor da moda desta amostra?\r\nSolução\r\nObservando os números vendidos notamos que o número 36 foi o que apresentou maior frequência (3 pares), portanto, a moda é igual a:\r\nMo = 36\r\nMediana\r\nA Mediana (Md) representa o valor central de um conjunto de dados. Para encontrar o valor da mediana é necessário colocar os valores em ordem crescente ou decrescente.\r\nQuando o número elementos de um conjunto é par, a mediana é encontrada pela média dos dois valores centrais. Assim, esses valores são somados e divididos por dois.\r\nExemplos\r\n1) Em uma escola, o professor de educação física anotou a altura de um grupo de alunos. Considerando que os valores medidos foram: 1,54 m; 1,67 m, 1,50 m; 1,65 m; 1,75 m; 1,69 m; 1,60 m; 1,55 m e 1,78 m, qual o valor da mediana das alturas dos alunos?\r\nSolução\r\nPrimeiro devemos colocar os valores em ordem. Neste caso, colocaremos em ordem crescente. Assim, o conjunto de dados ficará:\r\n1,50; 1,54; 1,55; 1,60; 1,65; 1,67; 1,69; 1,75; 1,78\r\nComo o conjunto é formado por 9 elementos, que é um número ímpar, então a mediana será igual ao 5º elemento, ou seja:\r\nMd = 1,65 m\r\n2) Calcule o valor da mediana da seguinte amostra de dados: (32, 27, 15, 44, 15, 32).\r\nSolução\r\nPrimeiro precisamos colocar os dados em ordem, assim temos:\r\n15, 15, 27, 32, 32, 44\r\nComo essa amostra é formada por 6 elementos, que é um número par, a mediana será igual a média dos elementos centrais, ou seja:', '', 2, 1, 3, 'Estatística – Média, Moda, Mediana');

-- --------------------------------------------------------

--
-- Estrutura da tabela `indicacoes`
--

CREATE TABLE IF NOT EXISTS `indicacoes` (
  `ID_ind` int(3) NOT NULL AUTO_INCREMENT,
  `plataforma` varchar(70) NOT NULL,
  `titulo` varchar(70) NOT NULL,
  `autor` varchar(100) NOT NULL,
  `descricao` text NOT NULL,
  `cod_mat` int(2) NOT NULL,
  `cod_adm` int(1) NOT NULL,
  `end_imagem_ind` varchar(400) NOT NULL,
  PRIMARY KEY (`ID_ind`),
  KEY `fk_indicacoes_materias` (`cod_mat`),
  KEY `fk_indicacoes_administrador` (`cod_adm`)
) ENGINE=InnoDB AUTO_INCREMENT=38 DEFAULT CHARSET=latin1;

--
-- Extraindo dados da tabela `indicacoes`
--

INSERT INTO `indicacoes` (`ID_ind`, `plataforma`, `titulo`, `autor`, `descricao`, `cod_mat`, `cod_adm`, `end_imagem_ind`) VALUES
(2, 'Livro', 'Biologia Molecular da Célula', 'Bruce Alberts, Alexander Johnson, Julian Lewis, Martin Raff, Keith Roberts e Peter Walter', 'Biologia Molecular da Célula é um livro de biologia celular e molecular publicado originalmente pela editora Garland Science', 5, 1, 'biologia_citologia_livro_biologiamolecular.jpg'),
(4, 'Documentario', 'Vida no Ventre', 'Toby MacDonald', 'O documenário procura detalhar todas as etapas da gestação de um feto.', 5, 1, 'biologia_embriologia_documentario_vidanoventre.jpg'),
(5, 'Serie', 'De Olho na Ciência', 'Roquette Pinto', 'A série abrange vários aspectos da ciência, porém essa indicação se atém especificamente sobre o primeiro episódio que busca retratar do metabolismo energético, como obter energia e etc.', 5, 1, 'biologia_metabolismoenergetico_serie_deolhonaciencia.jpg'),
(7, 'Filme', 'Núcleo – Missão ao Centro da Terra', 'Jon Amiel', 'Dr. Josh Keyes (geofísico), identifica uma paralisação na rotação da Terra. E esse mal traz problemas catastróficos para a Terra. Afim de resolver o problema, Josh reúne uma equipe que tem como objetivo ir ao centro da Terra para reativar a rotação do planeta.  ', 4, 1, 'geografia_filme_núcleo.jpg'),
(8, 'Filme', 'Adeus, Lênin', 'Wolfgang Becker', 'Tudo começa quando uma mulher que entra em um coma antes da Guerra Fria acorda em 1990, um pouco antes do fim da Guerra. Porém o seu filho é advertido que sua mãe não pode passar por emoções muito fortes. E isso se torna um grande desafio, já que nesse período já ocorrou os principais desdobramentos do fim da Guerra Fria.', 4, 1, 'geografia_filme_adeuslenin.jpg'),
(9, 'Documentario', 'O mundo global visto do lado de cá ', 'Sílvio Tendler', 'O documentário visa discutir os problemas de globalização com o ponto de vista das classes mais pobres. Entrevistado pelo geógrafo Milton Santos.', 4, 1, 'geografia_globalizacao_documentario_miltonsantos.jpg'),
(10, 'Documentario', 'Santo Forte', 'Eduardo Coutinho', 'Este documentário entrevista moradores de diversas regiões no Rio, com o objetivo de gerar pontos de vista sobre a diversidade religiosa e cultural brasileira.', 4, 1, 'geografia_diversidadecultural_documentario_santoforte.jpg'),
(11, 'Livro', 'Darwinismo Social: Política, economia e educação', 'Juan Carlos Priora ', 'Esse livro busca explica como o Darwinismo Social atua em várias áreas da sociedade não se tornando antiquado, como podemos concluir.', 4, 1, 'geografia_darwinismosocial_livro_darwinismosocial.jpg'),
(12, 'Livro', 'Aleatoriedade', 'Deborah J. Bennett', 'O livro busca abordar de maneira mais prática e cotidiana acerca do mundo das probabilidades e estatísticas.', 2, 1, 'matematica_probabilidade_livro_aleatoriedade.jpg'),
(14, 'Livro', 'O classicismo', 'J. Guinsburg', 'O livro busca reunir um resumo das informações sobre a época, relacionando aspectos filosóficos e científicos.', 1, 1, 'literatura_classicismo_livro_oclassicismo.jpg'),
(15, 'Livro', 'A Field Guide to Lies and Statistics: A Neuroscientist on How to Make ', 'Daniel Levitin ', 'O livro explica como funciona  a lógica por trás de estatísticas, sendo um guia acessível e cheio de exemplos esclarecedores.', 2, 1, 'matematica_estatistica_livro_afieldguidetoliesandstatistics.jpg'),
(16, 'Livro', 'Parnasianismo', 'Sânzio De Azevedo', 'O livro compila com 19 poetas, de expressões diversas, que abrange todas as tendências e expressões de Parnasianismo.', 1, 1, 'literatura_parnasianismo_livro_parnasianismo.jpg'),
(17, 'Filme', 'Contágio', 'Steven Soderbergh', 'Tudo se inicia quando Beth Emhoff morre por contaa de uma suposta gripe, que mais tarde passa a se mostrar como algo muito mais perigoso. Esse filme retrata muito bem a forma como funciona o contágio e o trabalho de um vírus.', 5, 1, 'biologia_virus_filme_contagio.jpg'),
(18, 'Livro', 'Introdução a Botânica', 'Harri Lorenzi', 'Este livro tem como foco o estudo das partes da plantas, suas variações,  classificações, origens e ligação com o meio ambiente.', 5, 1, 'biologia_reinoplantae_livro_introducaoabotanica.jpg'),
(19, 'Livro', 'A origem das espécies ', 'Charles Darwin', 'O naturalista britânico, Charles Darwin, pretende nesse livro comentar sobre a Origem das Espécies que hoje fundamenta parte da biologia como um todo.', 5, 1, 'biologia_evolucao_livro_origemdasespecies.jpg'),
(20, 'Filme', 'A Guerra do Fogo', 'Jean-Jacques annaud', 'É uma história ambientada na pré-história, que retrata três membros de uma mesma tribo à procura de uma nova fonte de fogo.', 3, 1, 'historia_prehistoria_filme_guerraaofogo.jpg'),
(21, 'Livro', 'A Civilização Grega', 'Francois Chamoux', 'Este é um livro completo, retrata todos os períodos da história da Grécia de maneira detalhada.', 3, 1, 'historia_grecia_livro_acivilizacaogrega.jpg'),
(22, 'Filme', '300', 'Zack Snyder', 'É importante ressaltar que este filme não é recomendado para menores de 18 anos.  No período de 480 a.C., houve uma guerra entre persas e gregos. Porém, existiu uma batalha emblemática durante este período, a Batalha das Termópilas, e o filme busca retratar como foi esse processo.   ', 3, 1, 'historia_esparta_filme_300.jpg'),
(23, 'Livro', 'A ascensão de Atenas: A história da maior civilização do mundo', 'Anthony Everitt', 'O livro busca explicar minuciosamente como a cidade de Atenas com 200 mil habitantes passou a se tornar uma das civilização mais importantes da história da humanidade. ', 3, 1, 'historia_atenas_livro_ascensaodeatenas.jpg'),
(24, 'Filme', 'Tempos Modernos ', 'Charlie Chaplin', 'Empregado em uma fábrica Vagabundo passa por diversas situações que retratam características da Revolução Industrial.', 3, 1, 'historia_revolucaoindustrial_filme_temposmodernos.jpg'),
(25, 'Livro', 'Coração das Trevas ', 'Joseph Conrad', 'Violência e preconceito que foram implantados pelo conlonialismo são temas tratados no livro. O livro conta o relato do personagem Chralie Marlow, o marinheiro sobre um explorador e comprador de marfim sr.Kurtz, que comandava o Congo.', 3, 1, 'historia_neocolonialismo_livro_coracaodastrevas.jpg'),
(26, 'Serie', 'Our World War', 'Joe Barton, Bem Chanan e Bruce Goodison', 'A minissérie se passa duas semanas após a declaração de guerra, em agosto de 1914. E busca levantar diversas perspectivas e detalhes sobre a 1° Guerra Mundial.', 3, 1, 'historia_1guerramundial_serie_ourworldwar.jpg'),
(27, 'Serie', 'Irmãos de Guerra', 'Tom Hanks, Tony To', 'Uma das melhores séries da 2° Guerra Mundial, conta a história daEasy Company, integrante da 101ª, petencente ao 2° Batalhão do 506° Regimento de infantaria paraquedista. A série foca no período conhecido como Dia D, desde a preparação dos soldados até o ataque.', 3, 1, 'historia_2guerramundial_serie_irmaosdeguerra.jpg'),
(28, 'Documentario', 'Era Vargas, O Crepúsculo de um Ídolo', 'Brasil Paralelo', 'O documentário feito pela equipe busca retratar o período que vaiàa Proclamação da República, em 1889 até o suicídio de Getúlio, em 1954.', 3, 1, 'historia_eravargas_documentario_eravargas.jpg'),
(29, 'Documentario', 'Isaac Newton: O Último Mágico', 'Renny Bartlett', 'Uma série da BBC, que procura divulgar uma biografia inovadora, que traça um paralelo entre ciência e ocultismo (que julgavam ser a ciência na época).', 7, 1, 'fisica_leisdenewton_documentario_isaacnewton.jpg'),
(30, 'Filme', 'Gravidade', 'Alfonso Carón', 'Após um acidente na estação espacial, Dra. Ryan Stonr e Matt Kowalsky se esforçam para viver, sem conexão com a Terra ou expectativa de resgate.', 7, 1, 'fisica_gravitacao_filme_gravidade.jpg'),
(31, 'Livro', 'Uma Biografia da Luz Ou a Triste História do Fotão Cansado', 'José Tito Mendonça ', 'O livro busca a abordar o tema da luminosidade sob a perspectiva da física, explicando os seus conceitos até para os mais entusiastas', 7, 1, 'fisica_naturezadaluzesuaspropriedades_livro_umabiografiadaluz.jpg'),
(32, 'Documentario', 'POWER -O Poder por Trás da Energia', 'History Channel', 'Este documentário reúne os prinicipais físicos e cientistas que contribuíram para o desenvolvimento da eletricidade, mostrando os principaisdesfios que eles tiveram para encontrar fontes alternativas de energia.', 7, 1, 'fisica_eletrizacaoecargaeletrica_documentario_power.jpg'),
(33, 'Livro', 'Fundamentos e Circuitos Elétricos', 'Charles K. Alexander, Matthew Sadiku', 'Este livro é indicado a pessoas mais interessadas na área da eletricidade, pois busca se aprofundar dos conceitos por trás dos circuitos elétricos, com o ojetivo também de estimular o senso crítico e analisar problemas relacionados a área.', 7, 1, 'fisica_potenciaassociacaoderesistores_livro_fundamentosecircuitoseletricos.jpg'),
(34, 'Livro', 'A Natureza da Ligação Química', 'Linus Pauling ', 'Esse livro escrito pelo cientista Linus Pauling, que ficou conhecido por elucidar essa área.', 6, 1, 'quimica_ligacaoquimica_livro_anaturezadaligacaoquimica.jpg'),
(35, 'Livro', 'Princípios de Química: Questionando a Vida Moderna e o Meio Ambiente', 'Peter Atkins, Loretta Jones, Leroy Laverman, Ricardo Bicca de Alencastro', 'Este livro aborda sobre os príncipios da química, consequentemente engloba todas as informações da Química Geral, desde reações química até soluçõa entre outros.', 6, 1, 'quimica_reacaoquimica_livro_prinicipiosdaquimica.jpg'),
(36, 'Livro', 'Química Orgânica - Funções e Isomeria', 'Luciana da Conceição Pavanelli', 'Esse livro didático contém exercícios, e a definição dos conceitos básicos de funções e isomeria.', 6, 1, 'quimica_funcoesquimica_livro_quimicaorganica.jpg'),
(37, 'Serie', 'Chernobyl', 'Johan Renck', 'A série conta a trama por trás das pessoas envolvidas no desastre de da Usina Nuclear de Chernobyl, em 25 de abril de 1985. Mostrando os impactos que a radiação pode causar em um ambiente.', 6, 1, 'quimica_radioatividade_serie_chernobyl.jpg');

-- --------------------------------------------------------

--
-- Estrutura da tabela `materias`
--

CREATE TABLE IF NOT EXISTS `materias` (
  `ID_materia` int(2) NOT NULL AUTO_INCREMENT,
  `nome_mat` varchar(15) NOT NULL,
  PRIMARY KEY (`ID_materia`)
) ENGINE=InnoDB AUTO_INCREMENT=8 DEFAULT CHARSET=latin1;

--
-- Extraindo dados da tabela `materias`
--

INSERT INTO `materias` (`ID_materia`, `nome_mat`) VALUES
(1, 'Português'),
(2, 'Matemática'),
(3, 'História'),
(4, 'Geografia'),
(5, 'Biologia'),
(6, 'Química'),
(7, 'Física');

-- --------------------------------------------------------

--
-- Estrutura da tabela `questoes`
--

CREATE TABLE IF NOT EXISTS `questoes` (
  `ID_questoes` int(3) NOT NULL AUTO_INCREMENT,
  `end_imagens_quest` text NOT NULL,
  `enunciado` text NOT NULL,
  `alt_a` varchar(200) NOT NULL,
  `alt_b` varchar(200) NOT NULL,
  `alt_c` varchar(200) NOT NULL,
  `alt_d` varchar(200) NOT NULL,
  `alt_e` varchar(200) NOT NULL,
  `alt_correta` varchar(1) NOT NULL,
  `explicacao` text NOT NULL,
  `cod_cont` int(2) NOT NULL,
  `cod_adm` int(2) NOT NULL,
  `ano` int(1) NOT NULL,
  `dificuldade` int(1) NOT NULL,
  PRIMARY KEY (`ID_questoes`),
  KEY `fk_questoes_conteudos` (`cod_cont`),
  KEY `fk_questoes_administrador` (`cod_adm`)
) ENGINE=InnoDB AUTO_INCREMENT=12 DEFAULT CHARSET=latin1;

--
-- Extraindo dados da tabela `questoes`
--

INSERT INTO `questoes` (`ID_questoes`, `end_imagens_quest`, `enunciado`, `alt_a`, `alt_b`, `alt_c`, `alt_d`, `alt_e`, `alt_correta`, `explicacao`, `cod_cont`, `cod_adm`, `ano`, `dificuldade`) VALUES
(2, 'citologia-1.png', '(ENEM - 2018) O nível metabólico de uma célula pode ser determinado pela taxa de síntese de RNAs e proteínas, processos dependentes de energia. Essa diferença na taxa de síntese de biomoléculas é refletida na abundância e características morfológicas dos componentes celulares. Em uma empresa de produção de hormônios proteicos a partir do cultivo de células animais, um pesquisador deseja selecionar uma linhagem com o metabolismo de síntese mais elevado, dentre as cinco esquematizadas na figura. \r\nQual linhagem deve ser escolhida pelo pesquisador? \r\n', 'I', 'II', 'III', 'IV', 'V', 'D', 'Pois na linhagem IV existem mais mitocôndrias que proporcionam uma maior produção de energia e um metabolismo com síntese mais elevada.', 16, 1, 1, 1),
(3, 'citologia-2.png.jpg', '(FATEC – 2014) Mapas conceituais são diagramas que organizam informações sobre um determinado assunto por meio da interligação de conceitos através de frases de ligação.\r\nOs conceitos geralmente são destacados por molduras e são utilizadas setas para indicar o sentido das proposições.\r\nO mapa conceitual a seguir refere-se à relação entre cromossomos e proteínas, e nele quatro conceitos foram omitidos.\r\nOs conceitos I, II, III e IV podem ser substituídos, correta e respectivamente, por:', 'RNA, DNA, aminoácidos e nucleotídeos.', 'RNA, DNA, nucleotídeos e aminoácidos.', 'DNA, RNA, nucleotídeos e aminoácidos.', 'DNA, RNA, monossacarídeos e aminoácidos.', 'DNA, RNA, monossacarídeos e nucleotídeos.', 'C', 'Núcleo celular > Cromossomos > DNA > Nucleotídeos e Genes – produzem RNA – produzem proteínas > aminoácidos\r\nOs cromossomos são compostos obrigatoriamente por DNA, este possui genes que sofrem a transcrição e geram moléculas de RNA, que sofrem tradução e formam Proteínas que são formadas por aminoácidos. O RNA e o DNA, ambos são compostos de nucleotídeos.\r\n', 16, 1, 1, 1),
(4, '', '(ENEM – 2019) Uma cozinheira colocou sal a mais no feijão que estava cozinhando. Para solucionar o problema, ela acrescentou batatas cruas e sem tempero dentro da panela. Quando terminou de cozinhá-lo, as batatas estavam salgadas, porque absorveram parte do caldo com excesso de sal. Finalmente, ela adicionou água para completar o caldo do feijão.\r\n \r\nO sal foi absorvido pelas batatas por:\r\n', 'osmose, por envolver apenas o transporte do solvente.', 'fagocitose, porque o sal transportado é uma substância sólida.', 'exocitose, uma vez que o sal foi transportado da água para a batata.', 'pinocitose, porque o sal estava diluído na água quando foi transportado.', 'difusão, porque o transporte ocorreu a favor do gradiente de concentração.', 'E', 'Difusão é o processo que ocorre quando um soluto é transportado, neste caso: o sal. Poderia ser confundido com a osmose, porém houve o transporte do soluto (sal), e este processo é referente ao transporte de solventes. A difusão ocorre a favor do gradiente de concentração pois as partículas do soluto irão difundir das áreas de maior concentração para áreas de menor concentração, até que se igualem.', 16, 1, 1, 2),
(5, 'citologia-4.jpg', '(UFMG 1ª Fase 2010) Considerando-se as informações contidas nessas figuras e outros conhecimentos sobre o assunto, é CORRETO afirmar que,', 'em II, ocorre fixação de dióxido de carbono.', 'em III, a obtenção de energia depende de mitocôndrias.', 'em I e II, a transcrição e a tradução ocorrem no mesmo compartimento.', 'em I e III, os tipos de bases nitrogenadas são diferentes.', '', 'A', 'I – se trata de uma célula eucarionte (por possuir envoltório nuclear) e animal (por não possuir vacúolo e nem parede celular).\r\nII – Se trata de uma célula eucarionte (por possuir envoltório nuclear) e vegetal (por possuir vacúolo, parede celular e cloroplastos). Por ser uma célula vegetal, ela fixa CO2 para a realização da fotossíntese.\r\nIII - Se trata de uma célula procarionte (por não possuir envoltório nuclear nem estruturas mais complexas, como mitocôndrias).\r\nNas células I e II, os processos de transcrição e tradução ocorrem respectivamente no núcleo e no citoplasma. Já as células I e III, possuem os mesmos tipos de bases nitrogenadas.\r\n', 16, 1, 1, 3),
(6, '', '(PUC – RS – 2013) Se compararmos as sequências de DNA de duas pessoas, veremos que são idênticas:', 'apenas nos cromossomos autossômicos. ', 'apenas no cromossomo mitocondrial. ', 'no cromossomo X, se forem de duas mulheres. ', 'no cromossomo Y, se forem de dois homens. ', 'em tudo, se forem de gêmeos monozigóticos.', 'D', 'O cromossomo Y é o chamado cromossomo sexual que é presente somente nas pessoas do sexo masculino, logo, por essa característica genética, os homens são idênticos.', 16, 1, 1, 3),
(7, '', '(PUC-PR Inverno 2012) Na formação do tubo neural no embrião de mamífero, a ectoderme dorsal da gástrula sofre um achatamento originando primeiramente a placa neural, que, por invaginação, dará origem ao tubo neural, o qual no futuro formará:', 'Arquentero.', 'Blastóporo.', 'Notocorda.', 'Sistema nervoso.', 'Celoma.', 'D', 'O texto fala sobre a formação do tubo neural de um mamífero, este que só poderá desenvolver, posteriormente, o sistema nervoso.', 17, 1, 1, 1),
(8, '', '(ENEM - 2010) As estrelas-do-mar comem ostras, o que resulta em efeitos econômicos negativos para criadores e pescadores. Por isso, ao se depararem com esses predadores em suas dragas, costumavam pegar as estrelas-do-mar, partilas ao meio e atirá-las de novo à água. Mas o resultado disso não era a eliminação das estrelas-do-mar, e sim o aumento do seu número. DONAVEL, D. A bela é uma fera. Super Interessante.\r\nDisponível em: http://super.abril.com.br. Acesso em: 30 abr. 2010 (adaptado). \r\n\r\nA partir do texto e do seu conhecimento a respeito desses organismos, a explicação para o aumento da população de estrelas-do-mar, baseia-se no fato de elas possuírem:\r\n', 'papilas respiratórias que facilitaram sua reprodução e respiração por mais tempo no ambiente.', 'pés ambulacrários que facilitaram a reprodução e a locomoção do equinodermo pelo ambiente aquático.', 'espinhos na superfície do corpo que facilitaram sua proteção e reprodução, contribuindo para a sua sobrevivência.', 'um sistema de canais que contribuíram na distribuição de água pelo seu corpo e ajudaram bastante em sua reprodução.', 'alta capacidade regenerativa e reprodutiva, sendo cada parte seccionada capaz de dar origem a um novo indivíduo.', 'E', 'Estes seres possuem uma capacidade regenerativa, levando a criação de dois novos indivíduos quando os pescadores as partiam ao meio, resultando num aumento populacional.', 17, 1, 1, 1),
(9, '', '(FUVEST - 2017) Os primeiros vertebrados que conquistaram definitivamente o ambiente terrestre foram os I, que possuem II, aquisição evolutiva que permitiu o desenvolvimento do embrião fora da água. Indique a alternativa que completa corretamente essa frase.', 'I- mamíferos; II- anexos embrionários. \r\n', 'I- anfíbios; II- ovo com casca impermeável.', 'I - anfíbios; II- fertilização interna.', 'I- répteis; II- ovo com casca impermeável.', 'I- répteis; II- fertilização externa. ', 'D', 'O texto trata de uma capacidade evolutiva na qual o ser não precisa mais do ambiente aquático para desenvolver-se. Isto nos leva a descartar as alternativas A, C, E, pois, elas não se tratam de um embrião formado. Logo nos resta a alternativa D, devido ao fato de que os anfíbios não possuem ovos com cascas impermeáveis.', 17, 1, 1, 2),
(10, '', '(UECE - 2013) Quanto à neurulação, marque a opção que corretamente relaciona estrutura e função nesse processo de organização.', 'O tubo neural é originado das invaginações do mesoderma e dará origem aos elementos do sistema nervoso', 'O notocorda surge da propagação de células do endoderma, localizadas no teto do intestino primitivo no embrião da maioria dos animais, tendo a função de sustentação para o corpo e, nos vertebrados,', 'O celoma é originado a partir do ectoderma e, nos animais ditos celomados, servirá como cavidade que alojará diversos órgãos. ', 'O arquêntero surge ainda na fase de blástula e, nos animais, formará a cavidade digestiva.', '', 'D', 'a) Está incorreta pois o tubo neural se origina no ectoderma.\r\nb) Está incorreta pois a notocorda se origina no mesoderma. \r\nc) Está incorreta pois o celoma vem do mesoderma.\r\nd) Está correta pois o arquêntero surge na fase de blástula.\r\n\r\n', 17, 1, 1, 3),
(11, '', '(UFMG - 2009) No Brasil, travaram-se, recentemente, intensos debates a respeito das pesquisas que envolvem o uso de células-tronco para fins terapêuticos e da legislação que regulamenta esse uso.\r\nassinale, entre os seguintes argumentos mais freqüentemente apresentados nesses debates, aquele que, do ponto de vista biológico, é INCORRETO.\r\n', 'O blastocisto a ser utilizado em tais pesquisas é um emaranhado de inúmeras células sem chance de desenvolvimento.', 'O comércio de embriões assemelha-se muito àquele que põe à venda órgãos de crianças.', 'O embrião, apesar do pequeno tamanho, contém toda a informação genética necessária ao desenvolvimento do organismo.', 'O início da vida ocorre quando, a partir da fusão do óvulo com o espermatozóide, se forma o zigoto.', '', 'B', 'Segundo a lei, é proibido o comércio de órgãos e embriões. Todas as outras alternativas estão corretas.', 17, 1, 1, 3);

-- --------------------------------------------------------

--
-- Estrutura da tabela `responde`
--

CREATE TABLE IF NOT EXISTS `responde` (
  `ID_usuario` int(2) NOT NULL,
  `Id_questoes` int(3) NOT NULL,
  `acertos` int(3) NOT NULL,
  `id_cont` int(2) NOT NULL,
  `faceis` int(11) NOT NULL,
  `medias` int(11) NOT NULL,
  `dificeis` int(11) NOT NULL,
  KEY `fk_responde_usuario` (`ID_usuario`),
  KEY `fk_responde_questoes` (`Id_questoes`)
) ENGINE=InnoDB DEFAULT CHARSET=latin1;

-- --------------------------------------------------------

--
-- Estrutura da tabela `usuario`
--

CREATE TABLE IF NOT EXISTS `usuario` (
  `ID_usuario` int(3) NOT NULL AUTO_INCREMENT,
  `nome_usuario` varchar(100) COLLATE utf8_unicode_ci NOT NULL,
  `data_nasc` date NOT NULL,
  `escolaridade` varchar(50) COLLATE utf8_unicode_ci NOT NULL,
  `email_usuario` varchar(100) COLLATE utf8_unicode_ci NOT NULL,
  `senha_usuario` varchar(15) COLLATE utf8_unicode_ci NOT NULL,
  `serie_ano` varchar(30) COLLATE utf8_unicode_ci NOT NULL,
  PRIMARY KEY (`ID_usuario`)
) ENGINE=InnoDB AUTO_INCREMENT=4 DEFAULT CHARSET=utf8 COLLATE=utf8_unicode_ci;

--
-- Extraindo dados da tabela `usuario`
--

INSERT INTO `usuario` (`ID_usuario`, `nome_usuario`, `data_nasc`, `escolaridade`, `email_usuario`, `senha_usuario`, `serie_ano`) VALUES
(3, 'Nathan de Azevedo Capelo', '2002-03-15', 'Cursando Ensino Médio', 'nata.mili@hotmail.com', 'nathanAZ_1503', '3° ano');

--
-- Constraints for dumped tables
--

--
-- Limitadores para a tabela `conteudos`
--
ALTER TABLE `conteudos`
  ADD CONSTRAINT `fk_conteudos_administrador` FOREIGN KEY (`cod_adm`) REFERENCES `administrador` (`ID_adm`),
  ADD CONSTRAINT `fk_conteudos_materias` FOREIGN KEY (`cod_mat`) REFERENCES `materias` (`ID_materia`);

--
-- Limitadores para a tabela `indicacoes`
--
ALTER TABLE `indicacoes`
  ADD CONSTRAINT `fk_indicacoes_administrador` FOREIGN KEY (`cod_adm`) REFERENCES `administrador` (`ID_adm`),
  ADD CONSTRAINT `fk_indicacoes_materias` FOREIGN KEY (`cod_mat`) REFERENCES `materias` (`ID_materia`);

--
-- Limitadores para a tabela `questoes`
--
ALTER TABLE `questoes`
  ADD CONSTRAINT `fk_questoes_administrador` FOREIGN KEY (`cod_adm`) REFERENCES `administrador` (`ID_adm`),
  ADD CONSTRAINT `fk_questoes_conteudos` FOREIGN KEY (`cod_cont`) REFERENCES `conteudos` (`ID_cont`);

--
-- Limitadores para a tabela `responde`
--
ALTER TABLE `responde`
  ADD CONSTRAINT `fk_responde_questoes` FOREIGN KEY (`Id_questoes`) REFERENCES `questoes` (`ID_questoes`),
  ADD CONSTRAINT `fk_responde_usuario` FOREIGN KEY (`ID_usuario`) REFERENCES `usuario` (`ID_usuario`);
COMMIT;

/*!40101 SET CHARACTER_SET_CLIENT=@OLD_CHARACTER_SET_CLIENT */;
/*!40101 SET CHARACTER_SET_RESULTS=@OLD_CHARACTER_SET_RESULTS */;
/*!40101 SET COLLATION_CONNECTION=@OLD_COLLATION_CONNECTION */;
